DATE,VVIX
9/21/2022,92.05
9/20/2022,91.12
9/19/2022,88.99
9/16/2022,92.42
9/15/2022,92.61
9/14/2022,93.58
9/13/2022,93.89
9/12/2022,84.53
9/9/2022,84.09
9/8/2022,85.57
9/7/2022,88.26
9/6/2022,94.08
9/2/2022,89.19
9/1/2022,87.74
8/31/2022,88.4
8/30/2022,91.11
8/29/2022,91.57
8/26/2022,91.66
8/25/2022,83.32
8/24/2022,86.45
8/23/2022,93.34
8/22/2022,94.75
8/19/2022,89.77
8/18/2022,86.46
8/17/2022,87.47
8/16/2022,88.05
8/15/2022,88.73
8/12/2022,91.01
8/11/2022,90.84
8/10/2022,90.04
8/9/2022,87.49
8/8/2022,86.95
8/5/2022,84.13
8/4/2022,83.69
8/3/2022,84.6
8/2/2022,88.47
8/1/2022,86.34
7/29/2022,80.29
7/28/2022,80.88
7/27/2022,81.77
7/26/2022,84.83
7/25/2022,83.82
7/22/2022,84.53
7/21/2022,85.04
7/20/2022,86.75
7/19/2022,88.61
7/18/2022,91.86
7/15/2022,89.37
7/14/2022,90.73
7/13/2022,90.49
7/12/2022,90.06
7/11/2022,88.05
7/8/2022,84.74
7/7/2022,85.88
7/6/2022,85.88
7/5/2022,87.3
7/1/2022,85.51
6/30/2022,89.39
6/29/2022,88.92
6/28/2022,90.62
6/27/2022,87.58
6/24/2022,91.34
6/23/2022,98.31
6/22/2022,99.66
6/21/2022,104.37
6/17/2022,110.06
6/16/2022,114.36
6/15/2022,105.37
6/14/2022,111.01
6/13/2022,113.72
6/10/2022,99.75
6/9/2022,98.82
6/8/2022,92.68
6/7/2022,87.82
6/6/2022,89.53
6/3/2022,90.5
6/2/2022,91.08
6/1/2022,91.39
5/31/2022,93.1
5/27/2022,93.66
5/26/2022,96.25
5/25/2022,98.79
5/24/2022,104.29
5/23/2022,102.68
5/20/2022,107.8
5/19/2022,104.89
5/18/2022,114.96
5/17/2022,101.2
5/16/2022,108.26
5/13/2022,113.89
5/12/2022,122.11
5/11/2022,125.89
5/10/2022,120.98
5/9/2022,125.93
5/6/2022,116.78
5/5/2022,119.18
5/4/2022,106.62
5/3/2022,117.55
5/2/2022,124.48
4/29/2022,121.98
4/28/2022,119.75
4/27/2022,123.71
4/26/2022,127.5
4/25/2022,116.98
4/22/2022,122.37
4/21/2022,110.93
4/20/2022,103.03
4/19/2022,106.06
4/18/2022,110.9
4/14/2022,114.75
4/13/2022,113.76
4/12/2022,117.26
4/11/2022,117.35
4/8/2022,112.14
4/7/2022,113.33
4/6/2022,114.84
4/5/2022,116.27
4/4/2022,107.11
4/1/2022,112.22
3/31/2022,111.45
3/30/2022,107.41
3/29/2022,104.35
3/28/2022,108.29
3/25/2022,109.21
3/24/2022,106.05
3/23/2022,108.77
3/22/2022,108.22
3/21/2022,108.96
3/18/2022,106.74
3/17/2022,109.25
3/16/2022,115.1
3/15/2022,122.18
3/14/2022,126.26
3/11/2022,125.58
3/10/2022,125.47
3/9/2022,130.86
3/8/2022,139.71
3/7/2022,133.66
3/4/2022,127.85
3/3/2022,122.36
3/2/2022,124.92
3/1/2022,132.8
2/28/2022,123.64
2/25/2022,117.76
2/24/2022,128.5
2/23/2022,131.24
2/22/2022,130.69
2/18/2022,133.64
2/17/2022,134.49
2/16/2022,122.58
2/15/2022,129.05
2/14/2022,140.59
2/11/2022,141.17
2/10/2022,129.1
2/9/2022,119.32
2/8/2022,118.86
2/7/2022,124.13
2/4/2022,124.89
2/3/2022,125.11
2/2/2022,119.61
2/1/2022,117.99
1/31/2022,125.06
1/28/2022,132.44
1/27/2022,141.14
1/26/2022,148.55
1/25/2022,150.8
1/24/2022,154.38
1/21/2022,149.5
1/20/2022,135.6
1/19/2022,129.85
1/18/2022,127.95
1/14/2022,117.57
1/13/2022,123.44
1/12/2022,113.94
1/11/2022,111.61
1/10/2022,113.02
1/7/2022,113.86
1/6/2022,117.82
1/5/2022,119.31
1/4/2022,109.31
1/3/2022,108.45
12/31/2021,109.67
12/30/2021,110.84
12/29/2021,109.5
12/28/2021,114.83
12/27/2021,115.92
12/23/2021,120.46
12/22/2021,122.7
12/21/2021,131.41
12/20/2021,138.67
12/17/2021,136.06
12/16/2021,128.97
12/15/2021,118.61
12/14/2021,126.57
12/13/2021,121.07
12/10/2021,113.85
12/9/2021,121.79
12/8/2021,114.29
12/7/2021,117.92
12/6/2021,138.88
12/3/2021,156.1
12/2/2021,147.31
12/1/2021,155.02
11/30/2021,142.55
11/29/2021,131.24
11/26/2021,149.74
11/24/2021,110.48
11/23/2021,115.03
11/22/2021,118.62
11/19/2021,113.74
11/18/2021,112.15
11/17/2021,111.53
11/16/2021,109.58
11/15/2021,110.66
11/12/2021,112.11
11/11/2021,114.66
11/10/2021,117.19
11/9/2021,110.55
11/8/2021,111.49
11/5/2021,110.21
11/4/2021,104.46
11/3/2021,102.25
11/2/2021,105.44
11/1/2021,106.66
10/29/2021,105.17
10/28/2021,106.28
10/27/2021,109.61
10/26/2021,103.25
10/25/2021,102.36
10/22/2021,106.08
10/21/2021,102.14
10/20/2021,101.84
10/19/2021,103.06
10/18/2021,104.37
10/15/2021,106.76
10/14/2021,107.97
10/13/2021,108.72
10/12/2021,109.12
10/11/2021,110.29
10/8/2021,107.27
10/7/2021,107.43
10/6/2021,110.92
10/5/2021,110.75
10/4/2021,117.17
10/1/2021,113.14
9/30/2021,118.01
9/29/2021,119.04
9/28/2021,121.06
9/27/2021,107.73
9/24/2021,103.07
9/23/2021,108.31
9/22/2021,117.62
9/21/2021,130.76
9/20/2021,138.93
9/17/2021,118.9
9/16/2021,112.11
9/15/2021,112.48
9/14/2021,120.37
9/13/2021,118.01
9/10/2021,124.98
9/9/2021,117.03
9/8/2021,115.06
9/7/2021,111.01
9/3/2021,105.48
9/2/2021,105.7
9/1/2021,105.2
8/31/2021,105.81
8/30/2021,107.9
8/27/2021,109.62
8/26/2021,116.6
8/25/2021,108.84
8/24/2021,111.09
8/23/2021,113.33
8/20/2021,120.51
8/19/2021,130.41
8/18/2021,128.41
8/17/2021,120.53
8/16/2021,117.69
8/13/2021,117.81
8/12/2021,117.72
8/11/2021,118.05
8/10/2021,114.15
8/9/2021,115.09
8/6/2021,112
8/5/2021,113.35
8/4/2021,116.21
8/3/2021,117.55
8/2/2021,122.85
7/30/2021,116.18
7/29/2021,114.04
7/28/2021,117.08
7/27/2021,121.11
7/26/2021,114.86
7/23/2021,114.92
7/22/2021,118.82
7/21/2021,122.53
7/20/2021,131.3
7/19/2021,139.54
7/16/2021,128.89
7/15/2021,121.03
7/14/2021,117.66
7/13/2021,116.4
7/12/2021,111.59
7/9/2021,112.62
7/8/2021,120.03
7/7/2021,112.7
7/6/2021,112.24
7/2/2021,106.11
7/1/2021,108.72
6/30/2021,106.73
6/29/2021,107.01
6/28/2021,106.32
6/25/2021,105.91
6/24/2021,107.87
6/23/2021,110.48
6/22/2021,114.01
6/21/2021,121.25
6/18/2021,128.83
6/17/2021,120.63
6/16/2021,121.57
6/15/2021,122.9
6/14/2021,119.8
6/11/2021,116.12
6/10/2021,116.76
6/9/2021,120.97
6/8/2021,109.62
6/7/2021,108.03
6/4/2021,108.16
6/3/2021,114.31
6/2/2021,112.57
6/1/2021,113.04
5/28/2021,105.41
5/27/2021,103.88
5/26/2021,106.29
5/25/2021,113.55
5/24/2021,116.12
5/21/2021,124.22
5/20/2021,126.34
5/19/2021,130.17
5/18/2021,123.93
5/17/2021,120.7
5/14/2021,117.56
5/13/2021,130.01
5/12/2021,146.28
5/11/2021,122.47
5/10/2021,114.1
5/7/2021,107.03
5/6/2021,108.39
5/5/2021,109.51
5/4/2021,111.22
5/3/2021,108.32
4/30/2021,109.22
4/29/2021,105.46
4/28/2021,104.78
4/27/2021,103.39
4/26/2021,104.01
4/23/2021,108.36
4/22/2021,116.05
4/21/2021,112.9
4/20/2021,116.37
4/19/2021,111.9
4/16/2021,107.8
4/15/2021,108.66
4/14/2021,107.47
4/13/2021,100.44
4/12/2021,102.08
4/9/2021,102.06
4/8/2021,100.72
4/7/2021,97.09
4/6/2021,99.06
4/5/2021,99.24
4/1/2021,98.97
3/31/2021,100.04
3/30/2021,101.9
3/29/2021,105.84
3/26/2021,103.26
3/25/2021,104.75
3/24/2021,110.67
3/23/2021,111.69
3/22/2021,108.63
3/19/2021,115.95
3/18/2021,117.8
3/17/2021,109.9
3/16/2021,113.73
3/15/2021,110.49
3/12/2021,111.73
3/11/2021,112.87
3/10/2021,114.68
3/9/2021,108.71
3/8/2021,114.62
3/5/2021,116.21
3/4/2021,124.62
3/3/2021,121.23
3/2/2021,114.92
3/1/2021,114.94
2/26/2021,124.96
2/25/2021,127.83
2/24/2021,109.6
2/23/2021,112.78
2/22/2021,117.06
2/19/2021,117.45
2/18/2021,121.05
2/17/2021,122.83
2/16/2021,124.66
2/12/2021,118.59
2/11/2021,116.22
2/10/2021,114.93
2/9/2021,108.14
2/8/2021,106.61
2/5/2021,107.64
2/4/2021,108.47
2/3/2021,111.03
2/2/2021,119.1
2/1/2021,129.44
1/29/2021,137.33
1/28/2021,133.22
1/27/2021,157.69
1/26/2021,115.31
1/25/2021,116.63
1/22/2021,111.79
1/21/2021,112.59
1/20/2021,114.17
1/19/2021,120.71
1/15/2021,124.25
1/14/2021,122.78
1/13/2021,117.76
1/12/2021,115.79
1/11/2021,118.8
1/8/2021,111
1/7/2021,109.38
1/6/2021,119.9
1/5/2021,120.07
1/4/2021,124.65
12/31/2020,111.86
12/30/2020,112.04
12/29/2020,116.27
12/28/2020,114.4
12/24/2020,115.26
12/23/2020,118.31
12/22/2020,120.57
12/21/2020,121.61
12/18/2020,110.3
12/17/2020,110.21
12/16/2020,111.85
12/15/2020,119.11
12/14/2020,127.68
12/11/2020,120.77
12/10/2020,114.66
12/9/2020,113.93
12/8/2020,102.82
12/7/2020,104.42
12/4/2020,103.72
12/3/2020,107.89
12/2/2020,107.52
12/1/2020,108.43
11/30/2020,106.12
11/27/2020,106.12
11/25/2020,103.46
11/24/2020,104.56
11/23/2020,109.85
11/20/2020,113.99
11/19/2020,114.15
11/18/2020,117.9
11/17/2020,116.25
11/16/2020,115
11/13/2020,114.39
11/12/2020,121.57
11/11/2020,118.32
11/10/2020,116.05
11/9/2020,116.78
11/6/2020,112.92
11/5/2020,117.68
11/4/2020,122.12
11/3/2020,136.28
11/2/2020,142.65
10/30/2020,145.24
10/29/2020,147.84
10/28/2020,152.01
10/27/2020,135.32
10/26/2020,133.08
10/23/2020,118.94
10/22/2020,118.6
10/21/2020,117.47
10/20/2020,119.59
10/19/2020,119.76
10/16/2020,115.92
10/15/2020,117.59
10/14/2020,116.93
10/13/2020,110.97
10/12/2020,109.68
10/9/2020,109.22
10/8/2020,104.8
10/7/2020,104.19
10/6/2020,106.14
10/5/2020,103.22
10/2/2020,102.72
10/1/2020,101
9/30/2020,101.58
9/29/2020,96.93
9/28/2020,101.85
9/25/2020,99.64
9/24/2020,102.26
9/23/2020,107.35
9/22/2020,104.69
9/21/2020,108.74
9/18/2020,101.19
9/17/2020,100.37
9/16/2020,103.48
9/15/2020,108.97
9/14/2020,111.27
9/11/2020,113.95
9/10/2020,120.58
9/9/2020,121.54
9/8/2020,123.56
9/4/2020,122.14
9/3/2020,132.91
9/2/2020,122.01
9/1/2020,120.1
8/31/2020,119.01
8/28/2020,111.56
8/27/2020,114.74
8/26/2020,105.8
8/25/2020,103.88
8/24/2020,108.25
8/21/2020,111.25
8/20/2020,112.99
8/19/2020,114.72
8/18/2020,112.59
8/17/2020,110.35
8/14/2020,114.35
8/13/2020,115.18
8/12/2020,115.73
8/11/2020,118.34
8/10/2020,111.13
8/7/2020,108.18
8/6/2020,105.84
8/5/2020,105.67
8/4/2020,109
8/3/2020,111.02
7/31/2020,112.04
7/30/2020,112.16
7/29/2020,110.95
7/28/2020,113.88
7/27/2020,112.71
7/24/2020,117.22
7/23/2020,116.7
7/22/2020,112.84
7/21/2020,115.46
7/20/2020,112.51
7/17/2020,117.97
7/16/2020,115.62
7/15/2020,113.71
7/14/2020,112.75
7/13/2020,123.3
7/10/2020,109.71
7/9/2020,115.11
7/8/2020,113.34
7/7/2020,118.12
7/6/2020,116.57
7/2/2020,115.47
7/1/2020,120.83
6/30/2020,120.76
6/29/2020,121.32
6/26/2020,128.63
6/25/2020,127.2
6/24/2020,136.89
6/23/2020,130.73
6/22/2020,133.98
6/19/2020,138.35
6/18/2020,135.29
6/17/2020,139.94
6/16/2020,143.24
6/15/2020,141.83
6/12/2020,151.6
6/11/2020,146.84
6/10/2020,116.53
6/9/2020,111
6/8/2020,110.05
6/5/2020,107.59
6/4/2020,109.88
6/3/2020,106.85
6/2/2020,104.83
6/1/2020,106.47
5/29/2020,105.6
5/28/2020,108.99
5/27/2020,109.82
5/26/2020,113.59
5/22/2020,118.38
5/21/2020,122.08
5/20/2020,120.04
5/19/2020,125.6
5/18/2020,125.9
5/15/2020,133.02
5/14/2020,137.05
5/13/2020,142.75
5/12/2020,130.75
5/11/2020,118.71
5/8/2020,115.65
5/7/2020,115.83
5/6/2020,119.16
5/5/2020,118.87
5/4/2020,121.25
5/1/2020,122.15
4/30/2020,118.53
4/29/2020,115.98
4/28/2020,117.79
4/27/2020,120.56
4/24/2020,119.88
4/23/2020,121.86
4/22/2020,124.1
4/21/2020,132.22
4/20/2020,132.04
4/17/2020,127.15
4/16/2020,129.55
4/15/2020,135.93
4/14/2020,131.78
4/13/2020,138.68
4/9/2020,137.75
4/8/2020,141.37
4/7/2020,134.45
4/6/2020,143.3
4/3/2020,143.52
4/2/2020,147.33
4/1/2020,156.99
3/31/2020,152.92
3/30/2020,157.66
3/27/2020,168.71
3/26/2020,169.58
3/25/2020,171.89
3/24/2020,171.91
3/23/2020,167.93
3/20/2020,187.18
3/19/2020,181.76
3/18/2020,181.33
3/17/2020,194.43
3/16/2020,207.59
3/13/2020,171.28
3/12/2020,155.05
3/11/2020,146.93
3/10/2020,138.82
3/9/2020,137.19
3/6/2020,127.16
3/5/2020,119.66
3/4/2020,113.97
3/3/2020,116.72
3/2/2020,114.69
2/28/2020,125.73
2/27/2020,118
2/26/2020,113.44
2/25/2020,121.01
2/24/2020,112.72
2/21/2020,104.86
2/20/2020,99.48
2/19/2020,95.92
2/18/2020,101.02
2/14/2020,98.17
2/13/2020,99.17
2/12/2020,96.65
2/11/2020,96.96
2/10/2020,96.81
2/7/2020,96.01
2/6/2020,93.61
2/5/2020,92.82
2/4/2020,96.18
2/3/2020,102.95
1/31/2020,105.6
1/30/2020,96.49
1/29/2020,99.07
1/28/2020,102.11
1/27/2020,107.39
1/24/2020,98.43
1/23/2020,92.54
1/22/2020,91.11
1/21/2020,92.98
1/17/2020,91.75
1/16/2020,90.38
1/15/2020,91.15
1/14/2020,86.87
1/13/2020,88.48
1/10/2020,88.33
1/9/2020,87.81
1/8/2020,90.21
1/7/2020,91.07
1/6/2020,92.66
1/3/2020,93.79
1/2/2020,89.67
12/31/2019,94.1
12/30/2019,100.02
12/27/2019,99.63
12/26/2019,97.46
12/24/2019,98.83
12/23/2019,99.82
12/20/2019,99.29
12/19/2019,97.25
12/18/2019,99.2
12/17/2019,98.56
12/16/2019,94.21
12/13/2019,96.61
12/12/2019,101.3
12/11/2019,104.82
12/10/2019,101.03
12/9/2019,101.89
12/6/2019,96.52
12/5/2019,98.12
12/4/2019,98.72
12/3/2019,102.65
12/2/2019,98.91
11/29/2019,91.05
11/27/2019,90.2
11/26/2019,89.88
11/25/2019,90.24
11/22/2019,94.4
11/21/2019,96.09
11/20/2019,95.36
11/19/2019,95.95
11/18/2019,93.99
11/15/2019,93.35
11/14/2019,93.45
11/13/2019,93.5
11/12/2019,90.35
11/11/2019,89.56
11/8/2019,89.06
11/7/2019,90.15
11/6/2019,89.59
11/5/2019,90.98
11/4/2019,88.75
11/1/2019,85.69
10/31/2019,88.92
10/30/2019,86.47
10/29/2019,87.75
10/28/2019,86.48
10/25/2019,83.82
10/24/2019,86.55
10/23/2019,87.59
10/22/2019,89.32
10/21/2019,87.29
10/18/2019,91.2
10/17/2019,90.27
10/16/2019,93.16
10/15/2019,93.98
10/14/2019,94.43
10/11/2019,97.7
10/10/2019,99.66
10/9/2019,101.25
10/8/2019,102.27
10/7/2019,97.04
10/4/2019,95.19
10/3/2019,98.2
10/2/2019,103.81
10/1/2019,102.74
9/30/2019,97.62
9/27/2019,103.2
9/26/2019,100.31
9/25/2019,99.68
9/24/2019,104.96
9/23/2019,97.6
9/20/2019,101.03
9/19/2019,97.3
9/18/2019,99.09
9/17/2019,101.67
9/16/2019,101.73
9/13/2019,98.93
9/12/2019,95.94
9/11/2019,97.79
9/10/2019,94.12
9/9/2019,94.5
9/6/2019,94.4
9/5/2019,95.51
9/4/2019,97.3
9/3/2019,102.19
8/30/2019,102.66
8/29/2019,99.8
8/28/2019,103.95
8/27/2019,106.49
8/26/2019,106.27
8/23/2019,111.37
8/22/2019,100.94
8/21/2019,98.03
8/20/2019,104.77
8/19/2019,101.22
8/16/2019,110.32
8/15/2019,112.26
8/14/2019,113.99
8/13/2019,102.21
8/12/2019,110.31
8/9/2019,101.52
8/8/2019,98.66
8/7/2019,104.27
8/6/2019,107.45
8/5/2019,114.4
8/2/2019,102.69
8/1/2019,105.47
7/31/2019,96.28
7/30/2019,91.58
7/29/2019,88.16
7/26/2019,83.11
7/25/2019,84.3
7/24/2019,83.89
7/23/2019,78.99
7/22/2019,81.22
7/19/2019,86.77
7/18/2019,84.04
7/17/2019,90.35
7/16/2019,88.25
7/15/2019,86.2
7/12/2019,86.14
7/11/2019,88.2
7/10/2019,85.97
7/9/2019,82.31
7/8/2019,83.66
7/5/2019,79.78
7/3/2019,80.04
7/2/2019,78.22
7/1/2019,79.58
6/28/2019,85.78
6/27/2019,86.52
6/26/2019,85.39
6/25/2019,85.16
6/24/2019,82.59
6/21/2019,83.14
6/20/2019,81.21
6/19/2019,84.58
6/18/2019,87.37
6/17/2019,83.48
6/14/2019,82.57
6/13/2019,84.73
6/12/2019,86.2
6/11/2019,84.95
6/10/2019,83.86
6/7/2019,86
6/6/2019,84.84
6/5/2019,86.72
6/4/2019,88.93
6/3/2019,96.03
5/31/2019,96.72
5/30/2019,92.78
5/29/2019,93.83
5/28/2019,95.08
5/24/2019,90.19
5/23/2019,94.98
5/22/2019,89.3
5/21/2019,92.38
5/20/2019,96.83
5/17/2019,99.12
5/16/2019,94.23
5/15/2019,94.53
5/14/2019,97.26
5/13/2019,105.6
5/10/2019,96.01
5/9/2019,102.92
5/8/2019,106.48
5/7/2019,111.54
5/6/2019,94.85
5/3/2019,86.23
5/2/2019,93.02
5/1/2019,95.75
4/30/2019,88.56
4/29/2019,86.08
4/26/2019,84.12
4/25/2019,86.94
4/24/2019,85.17
4/23/2019,81.43
4/22/2019,83.27
4/18/2019,84.41
4/17/2019,85.55
4/16/2019,83.58
4/15/2019,84.17
4/12/2019,84.98
4/11/2019,88.06
4/10/2019,89.49
4/9/2019,88.14
4/8/2019,81.86
4/5/2019,79.1
4/4/2019,82.15
4/3/2019,84.23
4/2/2019,83.28
4/1/2019,84.93
3/29/2019,85.82
3/28/2019,87.95
3/27/2019,91.34
3/26/2019,89.85
3/25/2019,97.2
3/22/2019,98.5
3/21/2019,83.89
3/20/2019,86.63
3/19/2019,87.36
3/18/2019,85.52
3/15/2019,82.94
3/14/2019,82.56
3/13/2019,82.76
3/12/2019,83.06
3/11/2019,81.23
3/8/2019,87.24
3/7/2019,88.7
3/6/2019,86.1
3/5/2019,82.46
3/4/2019,82.34
3/1/2019,79.27
2/28/2019,80
2/27/2019,80.37
2/26/2019,80.53
2/25/2019,79.35
2/22/2019,74.98
2/21/2019,76.64
2/20/2019,75.59
2/19/2019,78.64
2/15/2019,80.45
2/14/2019,81.64
2/13/2019,80.27
2/12/2019,81.63
2/11/2019,82.77
2/8/2019,82.7
2/7/2019,85.01
2/6/2019,84.99
2/5/2019,80.62
2/4/2019,77.36
2/1/2019,80
1/31/2019,79.24
1/30/2019,82.39
1/29/2019,86.84
1/28/2019,86.44
1/25/2019,83.38
1/24/2019,84.89
1/23/2019,88.45
1/22/2019,93.81
1/18/2019,82.49
1/17/2019,82.79
1/16/2019,83.34
1/15/2019,81.39
1/14/2019,83.01
1/11/2019,83.85
1/10/2019,86.35
1/9/2019,86.62
1/8/2019,82.41
1/7/2019,82.74
1/4/2019,84.44
1/3/2019,83.8
1/2/2019,81.66
12/31/2018,87.11
12/28/2018,91.24
12/27/2018,95.89
12/26/2018,97.32
12/24/2018,111.88
12/21/2018,106.61
12/20/2018,109.65
12/19/2018,105.05
12/18/2018,103.64
12/17/2018,101.55
12/14/2018,96.45
12/13/2018,93
12/12/2018,91.41
12/11/2018,89.77
12/10/2018,91.78
12/7/2018,96.49
12/6/2018,93.85
12/4/2018,96.57
12/3/2018,85.87
11/30/2018,93.59
11/29/2018,93.36
11/28/2018,93.55
11/27/2018,91.54
11/26/2018,92.17
11/23/2018,99.29
11/21/2018,100.27
11/20/2018,107.61
11/19/2018,107.13
11/16/2018,101.93
11/15/2018,107.38
11/14/2018,111.42
11/13/2018,105.32
11/12/2018,107.77
11/9/2018,100.55
11/8/2018,95.4
11/7/2018,95.75
11/6/2018,102.48
11/5/2018,101.83
11/2/2018,102.38
11/1/2018,99.57
10/31/2018,102.9
10/30/2018,106.08
10/29/2018,110.39
10/26/2018,110.49
10/25/2018,113.91
10/24/2018,118.58
10/23/2018,108.71
10/22/2018,112.15
10/19/2018,114.95
10/18/2018,116.82
10/17/2018,109.28
10/16/2018,111.78
10/15/2018,118.78
10/12/2018,124.81
10/11/2018,129.3
10/10/2018,135.61
10/9/2018,103.92
10/8/2018,102.74
10/5/2018,102.63
10/4/2018,99.44
10/3/2018,85.8
10/2/2018,88.12
10/1/2018,86.97
9/28/2018,87.31
9/27/2018,87.66
9/26/2018,91.56
9/25/2018,91.07
9/24/2018,91.51
9/21/2018,90.2
9/20/2018,87.31
9/19/2018,88.18
9/18/2018,92.49
9/17/2018,96.34
9/14/2018,88.07
9/13/2018,91.06
9/12/2018,97.24
9/11/2018,96.44
9/10/2018,100.38
9/7/2018,102.38
9/6/2018,101.36
9/5/2018,97.94
9/4/2018,95.23
8/31/2018,92.73
8/30/2018,95.11
8/29/2018,91.1
8/28/2018,92.31
8/27/2018,93.39
8/24/2018,93.95
8/23/2018,95.92
8/22/2018,95.72
8/21/2018,101.56
8/20/2018,100.77
8/17/2018,101.81
8/16/2018,103.49
8/15/2018,111.13
8/14/2018,100.34
8/13/2018,107.78
8/10/2018,99.07
8/9/2018,88.69
8/8/2018,84.42
8/7/2018,83.21
8/6/2018,84.66
8/3/2018,86.6
8/2/2018,91.66
8/1/2018,95.28
7/31/2018,94.13
7/30/2018,101.41
7/27/2018,97.15
7/26/2018,91.66
7/25/2018,94.2
7/24/2018,98.68
7/23/2018,102.04
7/20/2018,102.76
7/19/2018,100.58
7/18/2018,98.08
7/17/2018,98.56
7/16/2018,100.95
7/13/2018,99.81
7/12/2018,100.82
7/11/2018,104.5
7/10/2018,91.96
7/9/2018,94.16
7/6/2018,95.74
7/5/2018,103.22
7/3/2018,108.5
7/2/2018,104.8
6/29/2018,105.97
6/28/2018,108.88
6/27/2018,112.75
6/26/2018,107.52
6/25/2018,114.32
6/22/2018,102.49
6/21/2018,107.45
6/20/2018,98.51
6/19/2018,104.13
6/18/2018,99.87
6/15/2018,101.66
6/14/2018,98.21
6/13/2018,100.01
6/12/2018,95.71
6/11/2018,94.54
6/8/2018,93.49
6/7/2018,91.28
6/6/2018,88.12
6/5/2018,89.84
6/4/2018,90.83
6/1/2018,93.3
5/31/2018,100.63
5/30/2018,99.08
5/29/2018,108.67
5/25/2018,93.78
5/24/2018,90.64
5/23/2018,89.8
5/22/2018,90.47
5/21/2018,91.04
5/18/2018,94.76
5/17/2018,93.48
5/16/2018,94.79
5/15/2018,99.18
5/14/2018,92.62
5/11/2018,90.03
5/10/2018,93.02
5/9/2018,93.89
5/8/2018,89.5
5/7/2018,90.71
5/4/2018,88.12
5/3/2018,91.07
5/2/2018,93.79
5/1/2018,89.97
4/30/2018,94.3
4/27/2018,92.15
4/26/2018,90.71
4/25/2018,97.8
4/24/2018,100.81
4/23/2018,96.87
4/20/2018,99.21
4/19/2018,95.38
4/18/2018,92.41
4/17/2018,89.59
4/16/2018,93.22
4/13/2018,93.94
4/12/2018,98.08
4/11/2018,100.02
4/10/2018,98.21
4/9/2018,100.24
4/6/2018,98.6
4/5/2018,92.21
4/4/2018,95.44
4/3/2018,102.06
4/2/2018,111.67
3/29/2018,103.32
3/28/2018,114.02
3/27/2018,118.61
3/26/2018,113.08
3/23/2018,129.82
3/22/2018,125.12
3/21/2018,106.6
3/20/2018,107.13
3/19/2018,112.92
3/16/2018,106.49
3/15/2018,109.28
3/14/2018,110.29
3/13/2018,107.04
3/12/2018,104.94
3/9/2018,99.71
3/8/2018,96.92
3/7/2018,99.49
3/6/2018,104.61
3/5/2018,109.66
3/2/2018,114.78
3/1/2018,128.14
2/28/2018,121.7
2/27/2018,119.5
2/26/2018,107.68
2/23/2018,110.19
2/22/2018,116.98
2/21/2018,125.73
2/20/2018,122.58
2/16/2018,121.2
2/15/2018,122.76
2/14/2018,124.49
2/13/2018,136.58
2/12/2018,140.8
2/9/2018,167.28
2/8/2018,180.61
2/7/2018,159.03
2/6/2018,161.12
2/5/2018,177.34
2/2/2018,125.51
2/1/2018,105.77
1/31/2018,108.41
1/30/2018,113.48
1/29/2018,110.01
1/26/2018,98.65
1/25/2018,101.78
1/24/2018,99.77
1/23/2018,98.59
1/22/2018,99.68
1/19/2018,101.59
1/18/2018,103.68
1/17/2018,102.46
1/16/2018,106.49
1/12/2018,92.22
1/11/2018,92.24
1/10/2018,93.7
1/9/2018,94.74
1/8/2018,93.97
1/5/2018,93.1
1/4/2018,94.21
1/3/2018,94.4
1/2/2018,97.36
12/29/2017,100.76
12/28/2017,97.25
12/27/2017,97.08
12/26/2017,97.56
12/22/2017,94.9
12/21/2017,92.21
12/20/2017,92.86
12/19/2017,93.58
12/18/2017,90.64
12/15/2017,92.2
12/14/2017,96.07
12/13/2017,95.56
12/12/2017,93.27
12/11/2017,92.06
12/8/2017,91.89
12/7/2017,95.83
12/6/2017,98.17
12/5/2017,97.95
12/4/2017,97.57
12/1/2017,95.03
11/30/2017,89.94
11/29/2017,89.57
11/28/2017,85.73
11/27/2017,86.58
11/24/2017,86.32
11/22/2017,86.42
11/21/2017,89.27
11/20/2017,93.76
11/17/2017,97.12
11/16/2017,100.15
11/15/2017,106.27
11/14/2017,103.18
11/13/2017,106.3
11/10/2017,104.76
11/9/2017,98.82
11/8/2017,97.74
11/7/2017,93.45
11/6/2017,91.25
11/3/2017,89.68
11/2/2017,91.48
11/1/2017,92
10/31/2017,92.01
10/30/2017,95.19
10/27/2017,92.78
10/26/2017,97.73
10/25/2017,100.16
10/24/2017,98.43
10/23/2017,97.09
10/20/2017,90.53
10/19/2017,93.33
10/18/2017,94.34
10/17/2017,98.74
10/16/2017,97.65
10/13/2017,97.8
10/12/2017,97.77
10/11/2017,99.22
10/10/2017,97.33
10/9/2017,101.83
10/6/2017,97.09
10/5/2017,91.79
10/4/2017,92.12
10/3/2017,91.59
10/2/2017,92.48
9/29/2017,93.14
9/28/2017,94.1
9/27/2017,95.36
9/26/2017,94.81
9/25/2017,96.4
9/22/2017,93.29
9/21/2017,92.32
9/20/2017,90.91
9/19/2017,91.22
9/18/2017,90.46
9/15/2017,90.63
9/14/2017,92.09
9/13/2017,90.89
9/12/2017,92.39
9/11/2017,93.66
9/8/2017,100.12
9/7/2017,96.29
9/6/2017,99.61
9/5/2017,102.66
9/1/2017,93.6
8/31/2017,94.86
8/30/2017,98.9
8/29/2017,98.79
8/28/2017,96.42
8/25/2017,95.53
8/24/2017,100.26
8/23/2017,98.96
8/22/2017,92.7
8/21/2017,101.39
8/18/2017,114.39
8/17/2017,117.77
8/16/2017,94.82
8/15/2017,96.71
8/14/2017,100.6
8/11/2017,127.43
8/10/2017,135.32
8/9/2017,106.77
8/8/2017,98.68
8/7/2017,90.01
8/4/2017,87.39
8/3/2017,87.66
8/2/2017,86.89
8/1/2017,84.55
7/31/2017,86.76
7/28/2017,87.2
7/27/2017,86.87
7/26/2017,82.34
7/25/2017,79.17
7/24/2017,78.24
7/21/2017,77.86
7/20/2017,76.26
7/19/2017,77.96
7/18/2017,79.14
7/17/2017,80.27
7/14/2017,82.2
7/13/2017,85.68
7/12/2017,88.19
7/11/2017,88.23
7/10/2017,89.69
7/7/2017,92.5
7/6/2017,100.21
7/5/2017,91.98
7/3/2017,93.31
6/30/2017,90.43
6/29/2017,93.78
6/28/2017,84.24
6/27/2017,87.3
6/26/2017,81.94
6/23/2017,84.52
6/22/2017,86.38
6/21/2017,88.07
6/20/2017,89.19
6/19/2017,85.27
6/16/2017,87
6/15/2017,89.95
6/14/2017,89.97
6/13/2017,86.66
6/12/2017,91.21
6/9/2017,87.41
6/8/2017,83.28
6/7/2017,88.22
6/6/2017,89.15
6/5/2017,86.08
6/2/2017,83.62
6/1/2017,83.83
5/31/2017,84.52
5/30/2017,84.3
5/26/2017,81.81
5/25/2017,82.2
5/24/2017,81.91
5/23/2017,84.19
5/22/2017,83.47
5/19/2017,87.21
5/18/2017,104.12
5/17/2017,111.48
5/16/2017,76.76
5/15/2017,79.53
5/12/2017,82.5
5/11/2017,86.51
5/10/2017,87.49
5/9/2017,83.63
5/8/2017,81.38
5/5/2017,80.65
5/4/2017,78
5/3/2017,78.77
5/2/2017,79.33
5/1/2017,78.33
4/28/2017,77.09
4/27/2017,76.66
4/26/2017,76.64
4/25/2017,75.64
4/24/2017,78.17
4/21/2017,95.41
4/20/2017,94.53
4/19/2017,97.89
4/18/2017,99.52
4/17/2017,101.49
4/13/2017,115.54
4/12/2017,111.53
4/11/2017,103.74
4/10/2017,97.9
4/7/2017,89.39
4/6/2017,83.91
4/5/2017,86.59
4/4/2017,79.67
4/3/2017,82.96
3/31/2017,78.31
3/30/2017,77.87
3/29/2017,78.26
3/28/2017,79.27
3/27/2017,84.86
3/24/2017,89.74
3/23/2017,88.93
3/22/2017,83.8
3/21/2017,83.02
3/20/2017,77.16
3/17/2017,78.66
3/16/2017,75.96
3/15/2017,80.76
3/14/2017,85.88
3/13/2017,81.57
3/10/2017,80.27
3/9/2017,83.64
3/8/2017,82.5
3/7/2017,81.43
3/6/2017,81.44
3/3/2017,81.19
3/2/2017,83.61
3/1/2017,84.03
2/28/2017,88.08
2/27/2017,85.69
2/24/2017,83.31
2/23/2017,82.2
2/22/2017,81.53
2/21/2017,82.45
2/17/2017,81.25
2/16/2017,79.66
2/15/2017,81.12
2/14/2017,78.35
2/13/2017,80.84
2/10/2017,85.77
2/9/2017,89.59
2/8/2017,94.58
2/7/2017,89.61
2/6/2017,90.02
2/3/2017,88.97
2/2/2017,89.73
2/1/2017,87.75
1/31/2017,89.83
1/30/2017,92.04
1/27/2017,83.63
1/26/2017,79.65
1/25/2017,78.66
1/24/2017,79.05
1/23/2017,84.51
1/20/2017,83.63
1/19/2017,86.84
1/18/2017,87.06
1/17/2017,92.39
1/13/2017,92.9
1/12/2017,90.44
1/11/2017,86.72
1/10/2017,86.36
1/9/2017,83.47
1/6/2017,80.59
1/5/2017,81.33
1/4/2017,82.27
1/3/2017,85.37
12/30/2016,91.6
12/29/2016,88.87
12/28/2016,89.17
12/27/2016,86.37
12/23/2016,87.64
12/22/2016,89.72
12/21/2016,87.97
12/20/2016,88.26
12/19/2016,90.51
12/16/2016,93.79
12/15/2016,93.08
12/14/2016,96.82
12/13/2016,93.32
12/12/2016,91.87
12/9/2016,89.4
12/8/2016,91.27
12/7/2016,89.11
12/6/2016,88.12
12/5/2016,88.88
12/2/2016,98.07
12/1/2016,97.79
11/30/2016,88.99
11/29/2016,86.28
11/28/2016,86.17
11/25/2016,82.65
11/23/2016,82.45
11/22/2016,83.4
11/21/2016,80.75
11/18/2016,86.4
11/17/2016,87.58
11/16/2016,92.45
11/15/2016,91.77
11/14/2016,98.22
11/11/2016,97.22
11/10/2016,102.67
11/9/2016,96.14
11/8/2016,108.67
11/7/2016,107.84
11/4/2016,120.23
11/3/2016,120.24
11/2/2016,112.39
11/1/2016,108.26
10/31/2016,102.82
10/28/2016,99.44
10/27/2016,91.21
10/26/2016,86.9
10/25/2016,86.23
10/24/2016,85.81
10/21/2016,87.34
10/20/2016,89.72
10/19/2016,93.9
10/18/2016,96.87
10/17/2016,99.34
10/14/2016,101.01
10/13/2016,103.4
10/12/2016,102.02
10/11/2016,95.43
10/10/2016,90.66
10/7/2016,90.86
10/6/2016,89.86
10/5/2016,89.88
10/4/2016,89.94
10/3/2016,91.51
9/30/2016,91.42
9/29/2016,93.78
9/28/2016,87.55
9/27/2016,88.94
9/26/2016,96.24
9/23/2016,90.4
9/22/2016,89.22
9/21/2016,92.59
9/20/2016,101.98
9/19/2016,101.58
9/16/2016,102.59
9/15/2016,109.27
9/14/2016,113.15
9/13/2016,110.02
9/12/2016,99.53
9/9/2016,110.02
9/8/2016,85.57
9/7/2016,83.08
9/6/2016,82.14
9/2/2016,81.35
9/1/2016,84.9
8/31/2016,84.87
8/30/2016,84.44
8/29/2016,85.83
8/26/2016,88.62
8/25/2016,85.43
8/24/2016,85.37
8/23/2016,83.45
8/22/2016,83.13
8/19/2016,82.44
8/18/2016,82.83
8/17/2016,84.84
8/16/2016,91.86
8/15/2016,91.67
8/12/2016,94.49
8/11/2016,97.36
8/10/2016,89.4
8/9/2016,86.65
8/8/2016,84.5
8/5/2016,85.23
8/4/2016,88.14
8/3/2016,88.59
8/2/2016,93.89
8/1/2016,90.68
7/29/2016,90.84
7/28/2016,89.81
7/27/2016,91.23
7/26/2016,91.44
7/25/2016,91.95
7/22/2016,89.51
7/21/2016,92.84
7/20/2016,87.09
7/19/2016,89.03
7/18/2016,87.2
7/15/2016,89.04
7/14/2016,86.03
7/13/2016,84.18
7/12/2016,84.98
7/11/2016,84.78
7/8/2016,84.72
7/7/2016,89.5
7/6/2016,89.24
7/5/2016,91.85
7/1/2016,91.7
6/30/2016,94.23
6/29/2016,98.6
6/28/2016,108
6/27/2016,115.6
6/24/2016,125.13
6/23/2016,104.71
6/22/2016,122.94
6/21/2016,113.46
6/20/2016,112.4
6/17/2016,115.72
6/16/2016,115.47
6/15/2016,114.23
6/14/2016,116.44
6/13/2016,124.56
6/10/2016,103.78
6/9/2016,89.98
6/8/2016,86.61
6/7/2016,82.3
6/6/2016,80.71
6/3/2016,79.08
6/2/2016,79.54
6/1/2016,78.93
5/31/2016,79.43
5/27/2016,76.17
5/26/2016,77.48
5/25/2016,78.54
5/24/2016,79.48
5/23/2016,84.12
5/20/2016,85.46
5/19/2016,90.46
5/18/2016,89.99
5/17/2016,91.76
5/16/2016,90.61
5/13/2016,94
5/12/2016,91.25
5/11/2016,91.53
5/10/2016,85.92
5/9/2016,86.42
5/6/2016,88.86
5/5/2016,91.58
5/4/2016,91.86
5/3/2016,91.66
5/2/2016,89.49
4/29/2016,91.68
4/28/2016,87.36
4/27/2016,83.1
4/26/2016,84.51
4/25/2016,85.77
4/22/2016,84.1
4/21/2016,87.07
4/20/2016,87.97
4/19/2016,86.98
4/18/2016,86.57
4/15/2016,90.27
4/14/2016,87.92
4/13/2016,87.89
4/12/2016,89.78
4/11/2016,92.81
4/8/2016,89.73
4/7/2016,92.74
4/6/2016,85.59
4/5/2016,89.11
4/4/2016,84.43
4/1/2016,81.57
3/31/2016,82.94
3/30/2016,80.33
3/29/2016,81.39
3/28/2016,83.29
3/24/2016,84.2
3/23/2016,86.06
3/22/2016,85.04
3/21/2016,87.78
3/18/2016,86.2
3/17/2016,84.71
3/16/2016,84.37
3/15/2016,90.34
3/14/2016,89.74
3/11/2016,92.35
3/10/2016,94.77
3/9/2016,92.86
3/8/2016,87.46
3/7/2016,82.3
3/4/2016,81.97
3/3/2016,79.41
3/2/2016,78.84
3/1/2016,79.45
2/29/2016,85.06
2/26/2016,83.72
2/25/2016,83.51
2/24/2016,86.74
2/23/2016,89.67
2/22/2016,86.19
2/19/2016,86.25
2/18/2016,87.53
2/17/2016,88.96
2/16/2016,94.2
2/12/2016,103.25
2/11/2016,107.21
2/10/2016,106.19
2/9/2016,103.06
2/8/2016,104.53
2/5/2016,100.55
2/4/2016,95.22
2/3/2016,97.32
2/2/2016,97.6
2/1/2016,89.65
1/29/2016,89.95
1/28/2016,96.56
1/27/2016,100.04
1/26/2016,98.4
1/25/2016,102.88
1/22/2016,98.92
1/21/2016,108.38
1/20/2016,112.88
1/19/2016,113.76
1/15/2016,116.41
1/14/2016,110.07
1/13/2016,117.14
1/12/2016,104.52
1/11/2016,109.63
1/8/2016,116.46
1/7/2016,116.55
1/6/2016,103.06
1/5/2016,101.84
1/4/2016,107.69
12/31/2015,100.2
12/30/2015,100.82
12/29/2015,95.13
12/28/2015,99.24
12/24/2015,99.88
12/23/2015,99.61
12/22/2015,100.91
12/21/2015,109.44
12/18/2015,118.32
12/17/2015,113.52
12/16/2015,108.93
12/15/2015,114.37
12/14/2015,122.22
12/11/2015,131.09
12/10/2015,113.8
12/9/2015,113.83
12/8/2015,99.16
12/7/2015,94.3
12/4/2015,89.19
12/3/2015,101.8
12/2/2015,92.94
12/1/2015,87.32
11/30/2015,90.84
11/27/2015,88.35
11/25/2015,86.14
11/24/2015,89.64
11/23/2015,88.55
11/20/2015,90.79
11/19/2015,96.18
11/18/2015,93.47
11/17/2015,100.37
11/16/2015,96.71
11/13/2015,106.06
11/12/2015,98.19
11/11/2015,91.25
11/10/2015,86.96
11/9/2015,92.97
11/6/2015,85.03
11/5/2015,87.68
11/4/2015,89.46
11/3/2015,87.34
11/2/2015,86.75
10/30/2015,90.27
10/29/2015,88.6
10/28/2015,88.28
10/27/2015,95.21
10/26/2015,98.1
10/23/2015,97.21
10/22/2015,97.07
10/21/2015,106.02
10/20/2015,97.11
10/19/2015,94.38
10/16/2015,97.58
10/15/2015,96.61
10/14/2015,102.29
10/13/2015,98.35
10/12/2015,88.27
10/9/2015,89.08
10/8/2015,88.42
10/7/2015,89.43
10/6/2015,92.46
10/5/2015,92.29
10/2/2015,95.07
10/1/2015,98.27
9/30/2015,103.28
9/29/2015,110.99
9/28/2015,115.31
9/25/2015,110.54
9/24/2015,110.12
9/23/2015,105.86
9/22/2015,111.36
9/21/2015,103.4
9/18/2015,116.26
9/17/2015,118.09
9/16/2015,107.02
9/15/2015,109.34
9/14/2015,118.01
9/11/2015,119.09
9/10/2015,127.06
9/9/2015,131.3
9/8/2015,117.62
9/4/2015,123.15
9/3/2015,118.16
9/2/2015,114.43
9/1/2015,128.94
8/31/2015,127.28
8/28/2015,127.18
8/27/2015,128.59
8/26/2015,134.31
8/25/2015,152.42
8/24/2015,168.75
8/21/2015,138.57
8/20/2015,108.75
8/19/2015,91.84
8/18/2015,88.84
8/17/2015,87.35
8/14/2015,89.38
8/13/2015,88.36
8/12/2015,88.13
8/11/2015,85.22
8/10/2015,80.21
8/7/2015,82.57
8/6/2015,84.36
8/5/2015,80.1
8/4/2015,80.82
8/3/2015,79.43
7/31/2015,81.77
7/30/2015,80.65
7/29/2015,82.94
7/28/2015,84.77
7/27/2015,97.32
7/24/2015,88.36
7/23/2015,81.44
7/22/2015,78.89
7/21/2015,82.56
7/20/2015,84.38
7/17/2015,85.32
7/16/2015,87.12
7/15/2015,90.81
7/14/2015,87.35
7/13/2015,85.95
7/10/2015,101.19
7/9/2015,115.36
7/8/2015,111.67
7/7/2015,99.35
7/6/2015,105.97
7/2/2015,105.14
7/1/2015,97.6
6/30/2015,110.17
6/29/2015,117
6/26/2015,83.09
6/25/2015,83.51
6/24/2015,82.53
6/23/2015,78.85
6/22/2015,83.87
6/19/2015,92.16
6/18/2015,89.2
6/17/2015,93.19
6/16/2015,95.96
6/15/2015,96.12
6/12/2015,85.55
6/11/2015,79.53
6/10/2015,81.6
6/9/2015,84.34
6/8/2015,86.5
6/5/2015,84.1
6/4/2015,87.99
6/3/2015,79.27
6/2/2015,80.61
6/1/2015,78.89
5/29/2015,79.07
5/28/2015,77.35
5/27/2015,77.79
5/26/2015,81.94
5/22/2015,75.98
5/21/2015,73.18
5/20/2015,77.03
5/19/2015,77.53
5/18/2015,82.06
5/15/2015,80.93
5/14/2015,82.34
5/13/2015,84.45
5/12/2015,84.64
5/11/2015,83.11
5/8/2015,79.44
5/7/2015,89.21
5/6/2015,90.8
5/5/2015,84.45
5/4/2015,78.56
5/1/2015,79.64
4/30/2015,87.08
4/29/2015,82.27
4/28/2015,77.68
4/27/2015,81.22
4/24/2015,76.43
4/23/2015,78.17
4/22/2015,79.7
4/21/2015,81.29
4/20/2015,81.48
4/17/2015,85.97
4/16/2015,79.78
4/15/2015,79.83
4/14/2015,81.91
4/13/2015,83.8
4/10/2015,78.91
4/9/2015,80.71
4/8/2015,84.76
4/7/2015,79.7
4/6/2015,80.3
4/2/2015,80.21
4/1/2015,82.82
3/31/2015,84.01
3/30/2015,82.16
3/27/2015,86.5
3/26/2015,87.03
3/25/2015,83.52
3/24/2015,80.04
3/23/2015,79.98
3/20/2015,80.49
3/19/2015,81.61
3/18/2015,81.22
3/17/2015,88.25
3/16/2015,90.54
3/13/2015,93.12
3/12/2015,89.48
3/11/2015,97.28
3/10/2015,91.89
3/9/2015,85.55
3/6/2015,86.88
3/5/2015,81.26
3/4/2015,84.1
3/3/2015,85.05
3/2/2015,81.84
2/27/2015,85.23
2/26/2015,86.93
2/25/2015,86.57
2/24/2015,82.65
2/23/2015,86.13
2/20/2015,85.78
2/19/2015,87.6
2/18/2015,89.38
2/17/2015,92.95
2/13/2015,92.74
2/12/2015,93.24
2/11/2015,98.73
2/10/2015,97.33
2/9/2015,104.19
2/6/2015,101.69
2/5/2015,98.56
2/4/2015,103.74
2/3/2015,101.03
2/2/2015,106.74
1/30/2015,108.99
1/29/2015,100.7
1/28/2015,108.68
1/27/2015,96.11
1/26/2015,91.94
1/23/2015,96.33
1/22/2015,93.25
1/21/2015,98.62
1/20/2015,108.4
1/16/2015,111.32
1/15/2015,117.07
1/14/2015,113.5
1/13/2015,109.22
1/12/2015,109.04
1/9/2015,103.77
1/8/2015,98.44
1/7/2015,107.69
1/6/2015,118.45
1/5/2015,121.87
1/2/2015,112.55
12/31/2014,113.08
12/30/2014,97.84
12/29/2014,94.86
12/26/2014,92.28
12/24/2014,95.29
12/23/2014,94.73
12/22/2014,99.69
12/19/2014,99.17
12/18/2014,107.24
12/17/2014,114.37
12/16/2014,132.94
12/15/2014,128.22
12/12/2014,138.6
12/11/2014,132.4
12/10/2014,117.32
12/9/2014,97.13
12/8/2014,94.45
12/5/2014,85.41
12/4/2014,85.17
12/3/2014,86.45
12/2/2014,83.47
12/1/2014,86.84
11/28/2014,79.84
11/26/2014,77.04
11/25/2014,77.93
11/24/2014,79.25
11/21/2014,79.34
11/20/2014,79.14
11/19/2014,81.06
11/18/2014,82.6
11/17/2014,84.79
11/14/2014,85.58
11/13/2014,86.29
11/12/2014,83.1
11/11/2014,79.79
11/10/2014,79.7
11/7/2014,80.44
11/6/2014,83.42
11/5/2014,87.08
11/4/2014,92.44
11/3/2014,93.19
10/31/2014,94.1
10/30/2014,98.52
10/29/2014,99.34
10/28/2014,95.89
10/27/2014,100.75
10/24/2014,104.38
10/23/2014,102.05
10/22/2014,108.82
10/21/2014,104.09
10/20/2014,108.83
10/17/2014,118.84
10/16/2014,121.94
10/15/2014,129.01
10/14/2014,120.61
10/13/2014,131.57
10/10/2014,113.38
10/9/2014,102.13
10/8/2014,89.08
10/7/2014,99.2
10/6/2014,88.73
10/3/2014,87.77
10/2/2014,93.75
10/1/2014,98.12
9/30/2014,92.47
9/29/2014,95.02
9/26/2014,90.63
9/25/2014,96.72
9/24/2014,86.21
9/23/2014,91.9
9/22/2014,87.41
9/19/2014,77.7
9/18/2014,77.47
9/17/2014,81.52
9/16/2014,84.52
9/15/2014,91.58
9/12/2014,89.25
9/11/2014,83.1
9/10/2014,82.12
9/9/2014,79.3
9/8/2014,77.84
9/5/2014,77.33
9/4/2014,79.99
9/3/2014,80.77
9/2/2014,82.41
8/29/2014,81.11
8/28/2014,80.53
8/27/2014,78.85
8/26/2014,79.39
8/25/2014,79.33
8/22/2014,79.58
8/21/2014,79.61
8/20/2014,79.9
8/19/2014,80.84
8/18/2014,81.02
8/15/2014,82.2
8/14/2014,78.48
8/13/2014,81.27
8/12/2014,85.98
8/11/2014,87.54
8/8/2014,91.84
8/7/2014,97.4
8/6/2014,96.38
8/5/2014,98.32
8/4/2014,93.12
8/1/2014,101.11
7/31/2014,97.42
7/30/2014,83.58
7/29/2014,81.72
7/28/2014,81.21
7/25/2014,81.08
7/24/2014,77.66
7/23/2014,76.64
7/22/2014,75.22
7/21/2014,81.41
7/18/2014,80.37
7/17/2014,89.96
7/16/2014,75.81
7/15/2014,78.92
7/14/2014,77.29
7/11/2014,79.91
7/10/2014,82.14
7/9/2014,76.28
7/8/2014,73.21
7/7/2014,71.66
7/3/2014,68.35
7/2/2014,68.15
7/1/2014,69.28
6/30/2014,71.56
6/27/2014,72.72
6/26/2014,72.86
6/25/2014,72.31
6/24/2014,75.24
6/23/2014,72.58
6/20/2014,73.33
6/19/2014,73.41
6/18/2014,71.76
6/17/2014,78.41
6/16/2014,81.5
6/13/2014,79.81
6/12/2014,79.97
6/11/2014,74.21
6/10/2014,70.5
6/9/2014,70.88
6/6/2014,67.08
6/5/2014,65.47
6/4/2014,67.67
6/3/2014,68.19
6/2/2014,68.76
5/30/2014,67.95
5/29/2014,66.93
5/28/2014,67.37
5/27/2014,64.95
5/23/2014,66.86
5/22/2014,68.06
5/21/2014,66.56
5/20/2014,68.77
5/19/2014,67.58
5/16/2014,68.72
5/15/2014,71.6
5/14/2014,69.03
5/13/2014,61.76
5/12/2014,61.76
5/9/2014,61.76
5/8/2014,62.16
5/7/2014,62.64
5/6/2014,64.93
5/5/2014,64.4
5/2/2014,64.54
5/1/2014,64.5
4/30/2014,64.49
4/29/2014,65.47
4/28/2014,67.63
4/25/2014,70.49
4/24/2014,68.75
4/23/2014,66.22
4/22/2014,66.74
4/21/2014,68.62
4/17/2014,70.08
4/16/2014,72.08
4/15/2014,80.67
4/14/2014,82.2
4/11/2014,83.94
4/10/2014,78.56
4/9/2014,69.19
4/8/2014,71.43
4/7/2014,74.51
4/4/2014,69.53
4/3/2014,67.73
4/2/2014,67.33
4/1/2014,67.51
3/31/2014,72.2
3/28/2014,74.86
3/27/2014,74.71
3/26/2014,76.27
3/25/2014,74.77
3/24/2014,77.29
3/21/2014,78.64
3/20/2014,77.03
3/19/2014,81.35
3/18/2014,81.89
3/17/2014,87.79
3/14/2014,97.11
3/13/2014,92.14
3/12/2014,83.45
3/11/2014,85.12
3/10/2014,82.35
3/7/2014,83.07
3/6/2014,79.55
3/5/2014,80.52
3/4/2014,82.14
3/3/2014,92.84
2/28/2014,81.45
2/27/2014,78.94
2/26/2014,79.42
2/25/2014,76.46
2/24/2014,77.84
2/21/2014,78.96
2/20/2014,79.83
2/19/2014,86.23
2/18/2014,75.82
2/14/2014,77.49
2/13/2014,78.41
2/12/2014,79.56
2/11/2014,78.64
2/10/2014,79.89
2/7/2014,83.17
2/6/2014,92.58
2/5/2014,102.87
2/4/2014,100.4
2/3/2014,106.78
1/31/2014,99.66
1/30/2014,92.35
1/29/2014,92.47
1/28/2014,83.96
1/27/2014,93.5
1/24/2014,97.71
1/23/2014,78.25
1/22/2014,74.46
1/21/2014,77.78
1/17/2014,75.72
1/16/2014,73.98
1/15/2014,69.56
1/14/2014,69.31
1/13/2014,75.71
1/10/2014,67.74
1/9/2014,68.33
1/8/2014,68.33
1/7/2014,68.33
1/6/2014,68.33
1/3/2014,70.03
1/2/2014,73.14
12/31/2013,70.83
12/30/2013,69.71
12/27/2013,66.67
12/26/2013,62.71
12/24/2013,63.49
12/23/2013,63.49
12/20/2013,68
12/19/2013,67.03
12/18/2013,67.17
12/17/2013,82.23
12/16/2013,83.2
12/13/2013,85.39
12/12/2013,83.38
12/11/2013,80.55
12/10/2013,70.45
12/9/2013,70.45
12/6/2013,70.45
12/5/2013,75.8
12/4/2013,72.73
12/3/2013,73.21
12/2/2013,69.59
11/29/2013,64.81
11/27/2013,64.81
11/26/2013,65.14
11/25/2013,64.88
11/22/2013,63.77
11/21/2013,64.95
11/20/2013,69.05
11/19/2013,74.45
11/18/2013,75.06
11/15/2013,73.58
11/14/2013,71.91
11/13/2013,71.37
11/12/2013,69.39
11/11/2013,69.39
11/8/2013,69.39
11/7/2013,71.74
11/6/2013,67.41
11/5/2013,67.41
11/4/2013,67.09
11/1/2013,68.94
10/31/2013,69.44
10/30/2013,69.56
10/29/2013,68.52
10/28/2013,70.16
10/25/2013,70.03
10/24/2013,70.84
10/23/2013,72.43
10/22/2013,74.13
10/21/2013,75.02
10/18/2013,73.42
10/17/2013,72.7
10/16/2013,85.7
10/15/2013,103.37
10/14/2013,91.8
10/11/2013,90.85
10/10/2013,95.31
10/9/2013,111.43
10/8/2013,106.55
10/7/2013,103.08
10/4/2013,88.71
10/3/2013,93.79
10/2/2013,85.73
10/1/2013,76.43
9/30/2013,81.67
9/27/2013,74.93
9/26/2013,69.96
9/25/2013,73.08
9/24/2013,74.78
9/23/2013,77.56
9/20/2013,76.89
9/19/2013,73.22
9/18/2013,74.65
9/17/2013,79.49
9/16/2013,80.09
9/13/2013,79.73
9/12/2013,80.97
9/11/2013,78.4
9/10/2013,79.25
9/9/2013,83.46
9/6/2013,86.51
9/5/2013,85.8
9/4/2013,88.28
9/3/2013,90.66
8/30/2013,92.6
8/29/2013,91.49
8/28/2013,91.46
8/27/2013,92.36
8/26/2013,83.06
8/23/2013,80.02
8/22/2013,84.52
8/21/2013,90.38
8/20/2013,89.08
8/19/2013,86.91
8/16/2013,84.09
8/15/2013,86.21
8/14/2013,80.22
8/13/2013,78.94
8/12/2013,78.77
8/9/2013,77.33
8/8/2013,75.41
8/7/2013,76.57
8/6/2013,75.53
8/5/2013,69.74
8/2/2013,70.36
8/1/2013,71.1
7/31/2013,73.08
7/30/2013,74.35
7/29/2013,76.65
7/26/2013,76.54
7/25/2013,76.74
7/24/2013,76.8
7/23/2013,75.05
7/22/2013,72.49
7/19/2013,73.64
7/18/2013,74.68
7/17/2013,77.06
7/16/2013,80.84
7/15/2013,76.22
7/12/2013,76.14
7/11/2013,77.16
7/10/2013,79.54
7/9/2013,75.92
7/8/2013,75.49
7/5/2013,77.41
7/3/2013,82.72
7/2/2013,83.7
7/1/2013,84.89
6/28/2013,86.54
6/27/2013,86.05
6/26/2013,90.76
6/25/2013,94.83
6/24/2013,100.93
6/21/2013,96.1
6/20/2013,100.98
6/19/2013,88.59
6/18/2013,89.99
6/17/2013,90.45
6/14/2013,93.87
6/13/2013,95.08
6/12/2013,101.77
6/11/2013,92.32
6/10/2013,82.94
6/7/2013,84.19
6/6/2013,91.91
6/5/2013,93.18
6/4/2013,87.39
6/3/2013,86.99
5/31/2013,84.87
5/30/2013,80.22
5/29/2013,81.72
5/28/2013,82.65
5/24/2013,83.88
5/23/2013,87.4
5/22/2013,88.23
5/21/2013,88.04
5/20/2013,85.01
5/17/2013,84
5/16/2013,84.5
5/15/2013,83.15
5/14/2013,80.45
5/10/2013,80.45
5/9/2013,81.14
5/8/2013,79.81
5/7/2013,78.86
5/6/2013,79.78
5/3/2013,80.91
5/2/2013,83.82
5/1/2013,88.11
4/30/2013,83.46
4/29/2013,84.42
4/26/2013,85.09
4/25/2013,85.89
4/24/2013,84.99
4/23/2013,85.16
4/22/2013,90.91
4/19/2013,95.52
4/18/2013,107.65
4/17/2013,105.26
4/16/2013,88.19
4/15/2013,104.62
4/12/2013,82.39
4/11/2013,83.37
4/10/2013,82.75
4/9/2013,82.04
4/8/2013,82.12
4/5/2013,84.49
4/4/2013,83.12
4/3/2013,85.23
4/2/2013,80.49
4/1/2013,84.23
3/28/2013,83.2
3/27/2013,85.32
3/26/2013,85.14
3/25/2013,88.86
3/22/2013,91.78
3/21/2013,93.98
3/20/2013,89.45
3/19/2013,94.39
3/18/2013,93.07
3/15/2013,85.72
3/14/2013,83.5
3/13/2013,84.36
3/12/2013,79.99
3/11/2013,77.32
3/8/2013,76.65
3/7/2013,77.16
3/6/2013,78.78
3/5/2013,79.32
3/4/2013,82.27
3/1/2013,87.83
2/28/2013,86.57
2/27/2013,82.29
2/26/2013,90.23
2/25/2013,94.34
2/22/2013,78.66
2/21/2013,80.83
2/20/2013,79.65
2/19/2013,70.45
2/15/2013,72.55
2/14/2013,72.99
2/13/2013,73.25
2/12/2013,73.83
2/11/2013,76.1
2/8/2013,74.42
2/7/2013,76.86
2/6/2013,77.24
2/5/2013,75.07
2/4/2013,77.79
2/1/2013,73.29
1/31/2013,76.72
1/30/2013,77.34
1/29/2013,73.61
1/28/2013,78.16
1/25/2013,76.92
1/24/2013,76.17
1/23/2013,71.86
1/22/2013,73.87
1/18/2013,73.43
1/17/2013,78.77
1/16/2013,77.26
1/15/2013,77.84
1/14/2013,78.28
1/11/2013,78.52
1/10/2013,77.49
1/9/2013,78.51
1/8/2013,78.37
1/7/2013,76.77
1/4/2013,75.18
1/3/2013,77.02
1/2/2013,78.77
12/31/2012,92.5
12/28/2012,104.72
12/27/2012,90.89
12/26/2012,92.17
12/24/2012,89.27
12/21/2012,87.7
12/20/2012,83.06
12/19/2012,83.33
12/18/2012,79.36
12/17/2012,82.1
12/14/2012,86.39
12/13/2012,86.74
12/12/2012,83.02
12/11/2012,78.7
12/10/2012,81.56
12/7/2012,80.74
12/6/2012,84.15
12/5/2012,82.98
12/4/2012,86.18
12/3/2012,84.07
11/30/2012,78.59
11/29/2012,78.42
11/28/2012,80.39
11/27/2012,84.17
11/26/2012,82.45
11/23/2012,82.86
11/21/2012,85.85
11/20/2012,85.93
11/19/2012,88.43
11/16/2012,90.27
11/15/2012,94.54
11/14/2012,94.66
11/13/2012,87.84
11/12/2012,90.54
11/9/2012,94.02
11/8/2012,93.39
11/7/2012,94.75
11/6/2012,87.56
11/5/2012,90.75
11/2/2012,87.84
11/1/2012,81.7
10/31/2012,90.23
10/26/2012,89.43
10/25/2012,91.86
10/24/2012,96.39
10/23/2012,99.66
10/22/2012,92.48
10/19/2012,92.63
10/18/2012,86.51
10/17/2012,85.6
10/16/2012,90.31
10/15/2012,92.92
10/12/2012,91.87
10/11/2012,90.74
10/10/2012,94.36
10/9/2012,88.53
10/8/2012,85.85
10/5/2012,83.1
10/4/2012,83.51
10/3/2012,87.56
10/2/2012,90.25
10/1/2012,92.51
9/28/2012,90.49
9/27/2012,88.24
9/26/2012,95.05
9/25/2012,92.79
9/24/2012,85.88
9/21/2012,87.9
9/20/2012,88.72
9/19/2012,88.61
9/18/2012,90.13
9/17/2012,92.95
9/14/2012,93.04
9/13/2012,87.81
9/12/2012,93.94
9/11/2012,92.39
9/10/2012,92.77
9/7/2012,82.24
9/6/2012,83.65
9/5/2012,90.15
9/4/2012,93.71
8/31/2012,93.3
8/30/2012,96.33
8/29/2012,94.71
8/28/2012,94.43
8/27/2012,94.89
8/24/2012,94.99
8/23/2012,98.4
8/22/2012,99.14
8/21/2012,97.41
8/20/2012,96.64
8/17/2012,95.02
8/16/2012,95.65
8/15/2012,97.95
8/14/2012,94.33
8/13/2012,89.58
8/10/2012,84.83
8/9/2012,83.91
8/8/2012,85.18
8/7/2012,86.87
8/6/2012,84.47
8/3/2012,84.5
8/2/2012,89.63
8/1/2012,94.23
7/31/2012,96.11
7/30/2012,94.74
7/27/2012,93.08
7/26/2012,98.59
7/25/2012,106.53
7/24/2012,111.65
7/23/2012,107.32
7/20/2012,100.61
7/19/2012,93.73
7/18/2012,94.03
7/17/2012,93.49
7/16/2012,94.21
7/13/2012,91.1
7/12/2012,95.22
7/11/2012,96.25
7/10/2012,94.91
7/9/2012,92.85
7/6/2012,90.1
7/5/2012,89.43
7/3/2012,84.59
7/2/2012,85.61
6/29/2012,89.59
6/28/2012,97.21
6/27/2012,98.11
6/26/2012,100.66
6/25/2012,104.46
6/22/2012,104.13
6/21/2012,105.47
6/20/2012,96.41
6/19/2012,98.13
6/18/2012,99.3
6/15/2012,108.23
6/14/2012,107.78
6/13/2012,110.6
6/12/2012,103.22
6/11/2012,105.51
6/8/2012,96.6
6/7/2012,98.36
6/6/2012,97.71
6/5/2012,102.78
6/4/2012,107.04
6/1/2012,111.41
5/31/2012,108.75
5/30/2012,109.73
5/29/2012,100.98
5/25/2012,103.1
5/24/2012,104.52
5/23/2012,107.48
5/22/2012,110.48
5/21/2012,108.5
5/18/2012,117.44
5/17/2012,112.84
5/16/2012,109.22
5/15/2012,109.61
5/14/2012,105.85
5/11/2012,100.12
5/10/2012,98.65
5/9/2012,102.07
5/8/2012,91.33
5/7/2012,90.91
5/4/2012,91.31
5/3/2012,88.35
5/2/2012,86.29
5/1/2012,87.06
4/30/2012,89.32
4/27/2012,88.62
4/26/2012,89.65
4/25/2012,93.28
4/24/2012,99.84
4/23/2012,104.01
4/20/2012,101.08
4/19/2012,103.96
4/18/2012,106.06
4/17/2012,107.01
4/16/2012,110.97
4/13/2012,110.76
4/12/2012,104.27
4/11/2012,111.19
4/10/2012,109.13
4/9/2012,104.59
4/5/2012,99.47
4/4/2012,99.73
4/3/2012,98.37
4/2/2012,100.38
3/30/2012,100.28
3/29/2012,101.94
3/28/2012,102.74
3/27/2012,101.15
3/26/2012,96.08
3/23/2012,98.6
3/22/2012,102.53
3/21/2012,104.65
3/20/2012,109.38
3/19/2012,106.49
3/16/2012,105.78
3/15/2012,108.42
3/14/2012,106.63
3/13/2012,98.47
3/12/2012,98.61
3/9/2012,97.98
3/8/2012,97.19
3/7/2012,100.46
3/6/2012,105.11
3/5/2012,98.18
3/2/2012,96.94
3/1/2012,97.43
2/29/2012,101.6
2/28/2012,99.13
2/27/2012,101.68
2/24/2012,99.43
2/23/2012,94.44
2/22/2012,100.81
2/21/2012,107.71
2/17/2012,108.56
2/16/2012,110.41
2/15/2012,114.65
2/14/2012,107.82
2/13/2012,102.45
2/10/2012,104.15
2/9/2012,100.76
2/8/2012,97.01
2/7/2012,83.79
2/6/2012,85.38
2/3/2012,84.04
2/2/2012,84.1
2/1/2012,85.78
1/31/2012,88.51
1/30/2012,89.86
1/27/2012,87.44
1/26/2012,88.92
1/25/2012,86.01
1/24/2012,89.01
1/23/2012,89.59
1/20/2012,89.24
1/19/2012,88.73
1/18/2012,90.09
1/17/2012,93.66
1/13/2012,93.55
1/12/2012,90.51
1/11/2012,93.17
1/10/2012,88.82
1/9/2012,87.8
1/6/2012,86.95
1/5/2012,87.69
1/4/2012,88.89
1/3/2012,91.39
12/30/2011,91.7
12/29/2011,91.8
12/28/2011,94.08
12/27/2011,88.13
12/23/2011,86.54
12/22/2011,86.18
12/21/2011,85.54
12/20/2011,88.64
12/19/2011,90.27
12/16/2011,94.28
12/15/2011,97.71
12/14/2011,99.63
12/13/2011,94.55
12/12/2011,93.21
12/9/2011,90.92
12/8/2011,94.97
12/7/2011,92.84
12/6/2011,92.21
12/5/2011,92.97
12/2/2011,92.46
12/1/2011,90.88
11/30/2011,92.22
11/29/2011,95.47
11/28/2011,96.23
11/25/2011,98.98
11/23/2011,101.46
11/22/2011,98.53
11/21/2011,99.6
11/18/2011,101.92
11/17/2011,111.86
11/16/2011,111.18
11/15/2011,107.55
11/14/2011,112.35
11/11/2011,112.1
11/10/2011,113.54
11/9/2011,122.73
11/8/2011,98.05
11/7/2011,103.35
11/4/2011,103.34
11/3/2011,104.28
11/2/2011,107.4
11/1/2011,113.15
10/31/2011,104.84
10/28/2011,94.19
10/27/2011,94.44
10/26/2011,97.74
10/25/2011,97.75
10/24/2011,97.13
10/21/2011,98.05
10/20/2011,102.97
10/19/2011,103.29
10/18/2011,100.21
10/17/2011,103.55
10/14/2011,94.69
10/13/2011,95.1
10/12/2011,91.34
10/11/2011,90.98
10/10/2011,89.39
10/7/2011,92.57
10/6/2011,93.52
10/5/2011,94.66
10/4/2011,99.31
10/3/2011,103.89
9/30/2011,101.08
9/29/2011,101.05
9/28/2011,104.3
9/27/2011,100.31
9/26/2011,102.89
9/23/2011,104.77
9/22/2011,103.91
9/21/2011,98.58
9/20/2011,92.9
9/19/2011,95.95
9/16/2011,93.67
9/15/2011,96.69
9/14/2011,100.22
9/13/2011,96.14
9/12/2011,97.07
9/9/2011,99.07
9/8/2011,93.45
9/7/2011,93.3
9/6/2011,97.01
9/2/2011,91
9/1/2011,92.31
8/31/2011,94.16
8/30/2011,96.16
8/29/2011,96.51
8/26/2011,104.72
8/25/2011,112.4
8/24/2011,104.54
8/23/2011,103.43
8/22/2011,111.25
8/19/2011,111.58
8/18/2011,106.66
8/17/2011,104.62
8/16/2011,104.66
8/15/2011,109
8/12/2011,120.19
8/11/2011,128.76
8/10/2011,132.86
8/9/2011,112.8
8/8/2011,134.63
8/5/2011,118.61
8/4/2011,121.76
8/3/2011,98.58
8/2/2011,102.01
8/1/2011,95.89
7/29/2011,106.57
7/28/2011,105.62
7/27/2011,102.01
7/26/2011,93.35
7/25/2011,90.2
7/22/2011,82.45
7/21/2011,81.68
7/20/2011,86.06
7/19/2011,91.01
7/18/2011,97.81
7/15/2011,89.33
7/14/2011,95.72
7/13/2011,88.92
7/12/2011,88.39
7/11/2011,90.87
7/8/2011,80.82
7/7/2011,80.7
7/6/2011,82.69
7/5/2011,81.34
7/1/2011,78.64
6/30/2011,81.08
6/29/2011,85.9
6/28/2011,90.33
6/27/2011,94.29
6/24/2011,99.14
6/23/2011,93.09
6/22/2011,91.71
6/21/2011,90.55
6/20/2011,90.25
6/17/2011,95.31
6/16/2011,100.39
6/15/2011,105.07
6/14/2011,91.74
6/13/2011,98.35
6/10/2011,93.34
6/9/2011,85.65
6/8/2011,88.98
6/7/2011,83.72
6/6/2011,88.15
6/3/2011,85.54
6/2/2011,85.22
6/1/2011,87.59
5/31/2011,80.92
5/27/2011,81.46
5/26/2011,81.48
5/25/2011,85.29
5/24/2011,88.47
5/23/2011,92.08
5/20/2011,90.23
5/19/2011,87.53
5/18/2011,90.7
5/17/2011,93.64
5/16/2011,94.44
5/13/2011,93.86
5/12/2011,93.57
5/11/2011,96.25
5/10/2011,87.56
5/9/2011,90.86
5/6/2011,94.43
5/5/2011,95.08
5/4/2011,91.39
5/3/2011,90.62
5/2/2011,88.5
4/29/2011,83.98
4/28/2011,82.89
4/27/2011,83.21
4/26/2011,85.72
4/25/2011,87.68
4/21/2011,87.71
4/20/2011,86.21
4/19/2011,85.73
4/18/2011,89.11
4/15/2011,85.72
4/14/2011,86.07
4/13/2011,86.04
4/12/2011,85.36
4/11/2011,84.16
4/8/2011,83.43
4/7/2011,82.39
4/6/2011,83.22
4/5/2011,81.44
4/4/2011,81.84
4/1/2011,81.98
3/31/2011,82.51
3/30/2011,82.75
3/29/2011,84.96
3/28/2011,89.94
3/25/2011,84.53
3/24/2011,84.17
3/23/2011,84.77
3/22/2011,87.39
3/21/2011,89.17
3/18/2011,96.28
3/17/2011,101.45
3/16/2011,112.39
3/15/2011,89.68
3/14/2011,83.89
3/11/2011,83.21
3/10/2011,88.16
3/9/2011,84.89
3/8/2011,80.84
3/7/2011,84.32
3/4/2011,81.48
3/3/2011,82.36
3/2/2011,87.55
3/1/2011,89.28
2/28/2011,81.78
2/25/2011,86.17
2/24/2011,94.07
2/23/2011,99.04
2/22/2011,99.18
2/18/2011,85.47
2/17/2011,83.03
2/16/2011,83.05
2/15/2011,84.38
2/14/2011,82.67
2/11/2011,84.5
2/10/2011,83.73
2/9/2011,82.11
2/8/2011,78.93
2/7/2011,80.54
2/4/2011,81.11
2/3/2011,81.75
2/2/2011,83.16
2/1/2011,84.48
1/31/2011,86.08
1/28/2011,91.52
1/27/2011,77.04
1/26/2011,79.43
1/25/2011,82.67
1/24/2011,82.97
1/21/2011,85.41
1/20/2011,82.69
1/19/2011,83.7
1/18/2011,79.77
1/14/2011,75.94
1/13/2011,78.64
1/12/2011,77.94
1/11/2011,79.82
1/10/2011,81.65
1/7/2011,83.73
1/6/2011,84.6
1/5/2011,84.7
1/4/2011,85.25
1/3/2011,84.8
12/31/2010,86.36
12/30/2010,86.52
12/29/2010,85.71
12/28/2010,86.34
12/27/2010,87.44
12/23/2010,86.74
12/22/2010,86.03
12/21/2010,84.38
12/20/2010,84.09
12/17/2010,86.62
12/16/2010,81.32
12/15/2010,83.42
12/14/2010,81.67
12/13/2010,81.67
12/10/2010,79.36
12/9/2010,79.8
12/8/2010,81.8
12/7/2010,82.66
12/6/2010,82.6
12/3/2010,84.28
12/2/2010,87.74
12/1/2010,92.03
11/30/2010,95.73
11/29/2010,89.01
11/26/2010,90.55
11/24/2010,81.55
11/23/2010,87.44
11/22/2010,78.39
11/19/2010,84.73
11/18/2010,83.92
11/17/2010,89.25
11/16/2010,93.65
11/15/2010,88.13
11/12/2010,88.18
11/10/2010,83.07
11/9/2010,76.49
11/8/2010,73.67
11/5/2010,74.02
11/4/2010,70.78
11/3/2010,76.57
11/2/2010,80.18
11/1/2010,79.72
10/29/2010,77.46
10/28/2010,78.47
10/27/2010,80.42
10/26/2010,82.79
10/25/2010,82.02
10/22/2010,81.97
10/21/2010,83.59
10/20/2010,85.48
10/19/2010,91.53
10/18/2010,91.75
10/15/2010,89.82
10/14/2010,87.14
10/13/2010,88.72
10/12/2010,84.77
10/11/2010,84.75
10/8/2010,81.41
10/7/2010,80.7
10/6/2010,81.05
10/5/2010,82.62
10/4/2010,86.22
10/1/2010,84.08
9/30/2010,86.49
9/29/2010,83.35
9/28/2010,83.62
9/27/2010,82.62
9/24/2010,80
9/23/2010,83.02
9/22/2010,81.86
9/21/2010,80.97
9/20/2010,81.5
9/17/2010,85.45
9/16/2010,87.63
9/15/2010,88.4
9/14/2010,87.95
9/13/2010,87.33
9/10/2010,87.6
9/9/2010,87.97
9/8/2010,89.88
9/7/2010,78.98
9/3/2010,76.64
9/2/2010,79.05
9/1/2010,78.28
8/31/2010,81.49
8/30/2010,82.52
8/27/2010,79
8/26/2010,82.95
8/25/2010,82.64
8/24/2010,85.7
8/23/2010,87.66
8/20/2010,89.34
8/19/2010,91.96
8/18/2010,91.3
8/17/2010,93.25
8/16/2010,98.73
8/13/2010,99.54
8/12/2010,99.75
8/11/2010,102.65
8/10/2010,90.35
8/9/2010,87.86
8/6/2010,87.44
8/5/2010,86.52
8/4/2010,85.05
8/3/2010,85.04
8/2/2010,85.02
7/30/2010,89.55
7/29/2010,90.62
7/28/2010,90.71
7/27/2010,90.14
7/26/2010,88.55
7/23/2010,89.9
7/22/2010,93.2
7/21/2010,97.02
7/20/2010,98.89
7/19/2010,102.58
7/16/2010,101.57
7/15/2010,97.75
7/14/2010,96.13
7/13/2010,90.8
7/12/2010,91.75
7/9/2010,88.58
7/8/2010,89.85
7/7/2010,92.14
7/6/2010,97.58
7/2/2010,97.19
7/1/2010,100.69
6/30/2010,105.16
6/29/2010,104
6/28/2010,99.01
6/25/2010,97.51
6/24/2010,103.69
6/23/2010,98.93
6/22/2010,101.65
6/21/2010,96.01
6/18/2010,92.36
6/17/2010,89.65
6/16/2010,93.67
6/15/2010,99
6/14/2010,99.92
6/11/2010,103.69
6/10/2010,108.61
6/9/2010,111.77
6/8/2010,101.79
6/7/2010,102.76
6/4/2010,103.31
6/3/2010,95.61
6/2/2010,98.02
6/1/2010,109.92
5/28/2010,110.13
5/27/2010,107.64
5/26/2010,115.68
5/25/2010,119.36
5/24/2010,123.87
5/21/2010,130.67
5/20/2010,145.12
5/19/2010,128.44
5/18/2010,135.82
5/17/2010,120.97
5/14/2010,128.34
5/13/2010,123.17
5/12/2010,116.53
5/11/2010,113.95
5/10/2010,110.96
5/7/2010,135.38
5/6/2010,125.36
5/5/2010,105.59
5/4/2010,101.88
5/3/2010,95.68
4/30/2010,101.41
4/29/2010,92.44
4/28/2010,101.7
4/27/2010,103.23
4/26/2010,87.53
4/23/2010,88.14
4/22/2010,85.76
4/21/2010,83.89
4/20/2010,79.65
4/19/2010,81.72
4/16/2010,86.29
4/15/2010,83.1
4/14/2010,83.31
4/13/2010,79.97
4/12/2010,80.06
4/9/2010,78.24
4/8/2010,77.06
4/7/2010,78.16
4/6/2010,76.82
4/5/2010,76.97
4/1/2010,78.29
3/31/2010,77.49
3/30/2010,76.91
3/29/2010,78.75
3/26/2010,81.56
3/25/2010,83.82
3/24/2010,80.68
3/23/2010,78.31
3/22/2010,77.75
3/19/2010,76.68
3/18/2010,76.46
3/17/2010,73.16
3/16/2010,76.41
3/15/2010,75.22
3/12/2010,73.74
3/11/2010,76.16
3/10/2010,76.2
3/9/2010,71.49
3/8/2010,70.9
3/5/2010,71.06
3/4/2010,70.51
3/3/2010,72.61
3/2/2010,73.43
3/1/2010,73.24
2/26/2010,73.13
2/25/2010,75.3
2/24/2010,75.93
2/23/2010,77.82
2/22/2010,75.44
2/19/2010,77.97
2/18/2010,79.2
2/17/2010,80.29
2/16/2010,81.77
2/12/2010,88.16
2/11/2010,89.59
2/10/2010,92.18
2/9/2010,88.8
2/8/2010,90.01
2/5/2010,88.22
2/4/2010,91.42
2/3/2010,80.55
2/2/2010,80.98
2/1/2010,83.73
1/29/2010,89
1/28/2010,87.91
1/27/2010,85.86
1/26/2010,90.04
1/25/2010,90.58
1/22/2010,100.06
1/21/2010,88.82
1/20/2010,80.36
1/19/2010,73.5
1/15/2010,74.27
1/14/2010,74.52
1/13/2010,75.53
1/12/2010,70.42
1/11/2010,64.87
1/8/2010,65.71
1/7/2010,67.15
1/6/2010,67.65
1/5/2010,70.36
1/4/2010,73.3
12/31/2009,74.99
12/30/2009,70.36
12/29/2009,69.1
12/28/2009,69.89
12/24/2009,68.81
12/23/2009,69.81
12/22/2009,71.45
12/21/2009,79.62
12/18/2009,81.75
12/17/2009,83.56
12/16/2009,82.05
12/15/2009,80.99
12/14/2009,81.64
12/11/2009,82.87
12/10/2009,84.56
12/9/2009,84.93
12/8/2009,79.57
12/7/2009,77.75
12/4/2009,77.18
12/3/2009,78.52
12/2/2009,78.26
12/1/2009,80.74
11/30/2009,81.58
11/27/2009,83.24
11/25/2009,73.91
11/24/2009,75.05
11/23/2009,75.84
11/20/2009,75.56
11/19/2009,79.27
11/18/2009,79.15
11/17/2009,83.97
11/16/2009,83.31
11/13/2009,80.28
11/12/2009,80.77
11/11/2009,73.05
11/10/2009,68.49
11/9/2009,68.83
11/6/2009,73.72
11/5/2009,79.1
11/4/2009,85.97
11/3/2009,90.16
11/2/2009,91.98
10/30/2009,89.9
10/29/2009,78.1
10/28/2009,85.43
10/27/2009,80.41
10/26/2009,82.28
10/23/2009,79.88
10/22/2009,77.6
10/21/2009,78.16
10/20/2009,68.63
10/19/2009,67.76
10/16/2009,69.85
10/15/2009,67.07
10/14/2009,68.84
10/13/2009,64.97
10/12/2009,64.97
10/9/2009,65.54
10/8/2009,68.1
10/7/2009,71.01
10/6/2009,71.5
10/5/2009,73.56
10/2/2009,76.13
10/1/2009,76.25
9/30/2009,71.32
9/29/2009,68.99
9/28/2009,70.54
9/25/2009,71.74
9/24/2009,70.78
9/23/2009,68.18
9/22/2009,68.26
9/21/2009,71
9/18/2009,70.39
9/17/2009,69.36
9/16/2009,71.7
9/15/2009,72.25
9/14/2009,71.14
9/11/2009,72.36
9/10/2009,71.39
9/9/2009,76.17
9/8/2009,75.69
9/4/2009,77.51
9/3/2009,75.48
9/2/2009,77.07
9/1/2009,81
8/31/2009,77.12
8/28/2009,74.41
8/27/2009,75.59
8/26/2009,77.97
8/25/2009,77.76
8/24/2009,78.47
8/21/2009,76.55
8/20/2009,76.7
8/19/2009,76.32
8/18/2009,81.11
8/17/2009,84.22
8/14/2009,80.45
8/13/2009,79.96
8/12/2009,81.28
8/11/2009,75.6
8/10/2009,72.59
8/7/2009,71.53
8/6/2009,73.17
8/5/2009,70.13
8/4/2009,71.05
8/3/2009,72.79
7/31/2009,73.47
7/30/2009,73.88
7/29/2009,77.1
7/28/2009,76.68
7/27/2009,74.35
7/24/2009,73.01
7/23/2009,72.8
7/22/2009,75.3
7/21/2009,80.45
7/20/2009,80.98
7/17/2009,82.49
7/16/2009,83.64
7/15/2009,85.64
7/14/2009,81.52
7/13/2009,80.58
7/10/2009,81.42
7/9/2009,82.88
7/8/2009,86.17
7/7/2009,85.63
7/6/2009,83.2
7/2/2009,81.32
7/1/2009,79.68
6/30/2009,79.6
6/29/2009,79.69
6/26/2009,77.6
6/25/2009,82.57
6/24/2009,83.96
6/23/2009,85.64
6/22/2009,86.1
6/19/2009,84.15
6/18/2009,83.87
6/17/2009,86.49
6/16/2009,88.49
6/15/2009,85.05
6/12/2009,85.43
6/11/2009,85.22
6/10/2009,86.92
6/9/2009,81.64
6/8/2009,82.69
6/5/2009,82.11
6/4/2009,81.26
6/3/2009,84.89
6/2/2009,83.82
6/1/2009,84.23
5/29/2009,83.91
5/28/2009,88.19
5/27/2009,90.86
5/26/2009,91.23
5/22/2009,87.28
5/21/2009,84.69
5/20/2009,77.45
5/19/2009,74.4
5/18/2009,76.41
5/15/2009,80.29
5/14/2009,79.38
5/13/2009,81.87
5/12/2009,77.53
5/11/2009,76.86
5/8/2009,74.66
5/7/2009,72.79
5/6/2009,71.15
5/5/2009,70.77
5/4/2009,70.36
5/1/2009,69.82
4/30/2009,71.42
4/29/2009,72.12
4/28/2009,74.22
4/27/2009,74.16
4/24/2009,72.04
4/23/2009,72.81
4/22/2009,75.52
4/21/2009,75.48
4/20/2009,75.48
4/17/2009,68.92
4/16/2009,69.72
4/15/2009,64.95
4/14/2009,65.79
4/13/2009,67.51
4/9/2009,65.22
4/8/2009,68.72
4/7/2009,66.39
4/6/2009,68.26
4/3/2009,67.86
4/2/2009,69.61
4/1/2009,70.39
3/31/2009,72.71
3/30/2009,74.68
3/27/2009,71.68
3/26/2009,70.97
3/25/2009,71.76
3/24/2009,70.16
3/23/2009,71.39
3/20/2009,73.11
3/19/2009,73.56
3/18/2009,74.8
3/17/2009,75.21
3/16/2009,80.07
3/13/2009,78.13
3/12/2009,81.81
3/11/2009,85.35
3/10/2009,85.36
3/9/2009,90.09
3/6/2009,88.26
3/5/2009,89.88
3/4/2009,85.6
3/3/2009,90.75
3/2/2009,93.86
2/27/2009,91.08
2/26/2009,89.37
2/25/2009,88.93
2/24/2009,89.13
2/23/2009,93.02
2/20/2009,90.66
2/19/2009,88.27
2/18/2009,89.11
2/17/2009,95.07
2/13/2009,91.93
2/12/2009,91.04
2/11/2009,94.67
2/10/2009,95.98
2/9/2009,94.38
2/6/2009,94.01
2/5/2009,92.26
2/4/2009,91.57
2/3/2009,92.25
2/2/2009,96.48
1/30/2009,98.72
1/29/2009,98.98
1/28/2009,98.22
1/27/2009,95.48
1/26/2009,96.17
1/23/2009,95.7
1/22/2009,98.87
1/21/2009,100.81
1/20/2009,104.02
1/16/2009,98.79
1/15/2009,96.44
1/14/2009,99.88
1/13/2009,92.5
1/12/2009,93.26
1/9/2009,91.52
1/8/2009,93.14
1/7/2009,93.99
1/6/2009,90.33
1/5/2009,90.89
1/2/2009,84.41
12/31/2008,85.6
12/30/2008,80.89
12/29/2008,83.96
12/26/2008,83.74
12/24/2008,85.1
12/23/2008,86.39
12/22/2008,87.04
12/19/2008,87.69
12/18/2008,81.26
12/17/2008,75.17
12/16/2008,79.99
12/15/2008,82.03
12/12/2008,86.27
12/11/2008,88.68
12/10/2008,86.46
12/9/2008,80.75
12/8/2008,82.1
12/5/2008,82.9
12/4/2008,83.94
12/3/2008,84.72
12/2/2008,87.08
12/1/2008,90.49
11/28/2008,88.41
11/26/2008,89.32
11/25/2008,90.28
11/24/2008,92.31
11/21/2008,99.48
11/20/2008,106.71
11/19/2008,102.48
11/18/2008,106.9
11/17/2008,115.1
11/14/2008,118.34
11/13/2008,117.12
11/12/2008,123.26
11/11/2008,114.11
11/10/2008,116.53
11/7/2008,116.37
11/6/2008,125
11/5/2008,117.03
11/4/2008,116.29
11/3/2008,116.19
10/31/2008,116.94
10/30/2008,121.52
10/29/2008,124.73
10/28/2008,127.46
10/27/2008,134.87
10/24/2008,128.09
10/23/2008,121.61
10/22/2008,123.31
10/21/2008,114.28
10/20/2008,115.98
10/17/2008,117.45
10/16/2008,119.48
10/15/2008,114.93
10/14/2008,105.64
10/13/2008,110.07
10/10/2008,116
10/9/2008,108.05
10/8/2008,104.99
10/7/2008,106.47
10/6/2008,104.82
10/3/2008,94.68
10/2/2008,95.29
10/1/2008,89.76
9/30/2008,92.23
9/29/2008,99.86
9/26/2008,87.81
9/25/2008,82.96
9/24/2008,86.66
9/23/2008,84.77
9/22/2008,83.92
9/19/2008,79.37
9/18/2008,89.33
9/17/2008,93.04
9/16/2008,74.38
9/15/2008,79.37
9/12/2008,70.26
9/11/2008,71.03
9/10/2008,70.63
9/9/2008,70.68
9/8/2008,67.94
9/5/2008,70.39
9/4/2008,72.38
9/3/2008,69.93
9/2/2008,69.65
8/29/2008,68.07
8/28/2008,68.05
8/27/2008,72
8/26/2008,73.14
8/25/2008,77.03
8/22/2008,73.56
8/21/2008,73.75
8/20/2008,73.42
8/19/2008,77.5
8/18/2008,72.85
8/15/2008,74.1
8/14/2008,74.37
8/13/2008,79.41
8/12/2008,72.4
8/11/2008,75.59
8/8/2008,73.05
8/7/2008,73.11
8/6/2008,71.6
8/5/2008,70.28
8/4/2008,73.17
8/1/2008,72.73
7/31/2008,72.95
7/30/2008,67.21
7/29/2008,71.03
7/28/2008,74.9
7/25/2008,73.7
7/24/2008,74.9
7/23/2008,67.25
7/22/2008,68.39
7/21/2008,71.6
7/18/2008,70.29
7/17/2008,72.46
7/16/2008,73.22
7/15/2008,73.07
7/14/2008,78.83
7/11/2008,77.18
7/10/2008,79.94
7/9/2008,81.69
7/8/2008,76.03
7/7/2008,75.43
7/3/2008,76.44
7/2/2008,79.19
7/1/2008,79.44
6/30/2008,79.66
6/27/2008,79.54
6/26/2008,79.87
6/25/2008,76.01
6/24/2008,77.41
6/23/2008,78.37
6/20/2008,78.35
6/19/2008,77.91
6/18/2008,81.56
6/17/2008,80.89
6/16/2008,84.17
6/13/2008,86.91
6/12/2008,92.41
6/11/2008,93.87
6/10/2008,91.98
6/9/2008,92.23
6/6/2008,88.78
6/5/2008,79.35
6/4/2008,81.04
6/3/2008,79.72
6/2/2008,78.6
5/30/2008,73.46
5/29/2008,74.2
5/28/2008,77.7
5/27/2008,79.35
5/23/2008,79.63
5/22/2008,83.62
5/21/2008,80.12
5/20/2008,79.8
5/19/2008,76.63
5/16/2008,75.77
5/15/2008,71.16
5/14/2008,71.18
5/13/2008,68.62
5/12/2008,72
5/9/2008,73.79
5/8/2008,73.45
5/7/2008,72.82
5/6/2008,69.04
5/5/2008,70.1
5/2/2008,63.68
5/1/2008,63.06
4/30/2008,64.69
4/29/2008,65.42
4/28/2008,66.48
4/25/2008,65.99
4/24/2008,62.75
4/23/2008,59.74
4/22/2008,62.84
4/21/2008,63.43
4/18/2008,62.09
4/17/2008,65.09
4/16/2008,66.36
4/15/2008,68.15
4/14/2008,72.39
4/11/2008,74.74
4/10/2008,75.47
4/9/2008,75.24
4/8/2008,67.3
4/7/2008,67.4
4/4/2008,64.56
4/3/2008,66.11
4/2/2008,67.61
4/1/2008,66.96
3/31/2008,67.64
3/28/2008,68.79
3/27/2008,69
3/26/2008,69.56
3/25/2008,68.65
3/24/2008,68.82
3/20/2008,66.97
3/19/2008,70.5
3/18/2008,72.97
3/17/2008,80.71
3/14/2008,80.99
3/13/2008,75.56
3/12/2008,73.94
3/11/2008,73.76
3/10/2008,77.45
3/7/2008,76.02
3/6/2008,74.53
3/5/2008,68.51
3/4/2008,69.95
3/3/2008,71.02
2/29/2008,69.81
2/28/2008,66.61
2/27/2008,67.56
2/26/2008,68.59
2/25/2008,68.92
2/22/2008,65.47
2/21/2008,69.65
2/20/2008,71.29
2/19/2008,69.6
2/15/2008,74.72
2/14/2008,69.23
2/13/2008,71.44
2/12/2008,72.52
2/11/2008,71.41
2/8/2008,72.6
2/7/2008,72
2/6/2008,74.63
2/5/2008,75.06
2/4/2008,73.9
2/1/2008,73.94
1/31/2008,75.21
1/30/2008,76.41
1/29/2008,77.46
1/28/2008,76.43
1/25/2008,79
1/24/2008,81.31
1/23/2008,82.68
1/22/2008,86.58
1/18/2008,77.24
1/17/2008,84.99
1/16/2008,80.51
1/15/2008,81.13
1/14/2008,86.96
1/11/2008,84.66
1/10/2008,84.98
1/9/2008,89.37
1/8/2008,79.59
1/7/2008,79.51
1/4/2008,81.46
1/3/2008,79.33
1/2/2008,80.58
12/31/2007,82.19
12/28/2007,84.03
12/27/2007,84.36
12/26/2007,80.79
12/24/2007,79.85
12/21/2007,82.87
12/20/2007,79.44
12/19/2007,83.47
12/18/2007,80.83
12/17/2007,85.38
12/14/2007,85.82
12/13/2007,88.19
12/12/2007,89.41
12/11/2007,82.58
12/10/2007,81.5
12/7/2007,82.47
12/6/2007,81.51
12/5/2007,83.08
12/4/2007,86.85
12/3/2007,87.45
11/30/2007,88.88
11/29/2007,91.08
11/28/2007,91.62
11/27/2007,90.7
11/26/2007,91.55
11/23/2007,89.62
11/21/2007,94.49
11/20/2007,91.34
11/19/2007,91.13
11/16/2007,92.8
11/15/2007,92.96
11/14/2007,94.39
11/13/2007,92.58
11/12/2007,98.09
11/9/2007,97.86
11/8/2007,97.36
11/7/2007,98.17
11/6/2007,92.7
11/5/2007,97.29
11/2/2007,97.46
11/1/2007,97.53
10/31/2007,93.62
10/30/2007,100.37
10/29/2007,95.01
10/26/2007,95.36
10/25/2007,90.82
10/24/2007,89.14
10/23/2007,86.42
10/22/2007,88.17
10/19/2007,91.56
10/18/2007,83.37
10/17/2007,89.48
10/16/2007,91.47
10/15/2007,86.18
10/12/2007,90.63
10/11/2007,95.78
10/10/2007,87.46
10/9/2007,79.93
10/8/2007,84.96
10/5/2007,83.91
10/4/2007,89.38
10/3/2007,87.65
10/2/2007,88.74
10/1/2007,84.48
9/28/2007,87.13
9/27/2007,87.57
9/26/2007,89.49
9/25/2007,94.33
9/24/2007,94.27
9/21/2007,98.14
9/20/2007,97.38
9/19/2007,97.7
9/18/2007,92.33
9/17/2007,102.22
9/14/2007,104.39
9/13/2007,104.63
9/12/2007,106.95
9/11/2007,103.75
9/10/2007,107.07
9/7/2007,108.22
9/6/2007,106.6
9/5/2007,107.91
9/4/2007,104.87
8/31/2007,109.27
8/30/2007,112.66
8/29/2007,113.22
8/28/2007,119.79
8/27/2007,115.24
8/24/2007,111.95
8/23/2007,117.42
8/22/2007,117.47
8/21/2007,122.6
8/20/2007,125.04
8/17/2007,133.87
8/16/2007,142.99
8/15/2007,121.67
8/14/2007,114.96
8/13/2007,108.57
8/10/2007,108.91
8/9/2007,99.87
8/8/2007,82.52
8/7/2007,85.96
8/6/2007,95.22
8/3/2007,104.05
8/2/2007,100.8
8/1/2007,108.86
7/31/2007,104.08
7/30/2007,97.45
7/27/2007,97.23
7/26/2007,87.38
7/25/2007,75.31
7/24/2007,79.32
7/23/2007,74.56
7/20/2007,73.76
7/19/2007,72.02
7/18/2007,73.57
7/17/2007,72.41
7/16/2007,72.56
7/13/2007,76.65
7/12/2007,76.6
7/11/2007,81.55
7/10/2007,79.99
7/9/2007,73.05
7/6/2007,74.85
7/5/2007,75.86
7/3/2007,74.63
7/2/2007,75.56
6/29/2007,76.94
6/28/2007,76.04
6/27/2007,78.48
6/26/2007,82.01
6/25/2007,78.07
6/22/2007,78.35
6/21/2007,74.76
6/20/2007,76.8
6/19/2007,67.24
6/18/2007,66.76
6/15/2007,64.03
6/14/2007,63.52
6/13/2007,68.81
6/12/2007,69.48
6/11/2007,68.73
6/8/2007,70.69
6/7/2007,75.83
6/6/2007,72.06
6/5/2007,69.24
6/4/2007,70.74
6/1/2007,70.19
5/31/2007,72.2
5/30/2007,71.61
5/29/2007,72.48
5/25/2007,72.42
5/24/2007,74.36
5/23/2007,71.44
5/22/2007,72.36
5/21/2007,71.82
5/18/2007,75.43
5/17/2007,72.94
5/16/2007,70.26
5/15/2007,76.68
5/14/2007,82.02
5/11/2007,79.47
5/10/2007,83.58
5/9/2007,85.89
5/8/2007,79.9
5/7/2007,78.51
5/4/2007,77.1
5/3/2007,78.81
5/2/2007,82.59
5/1/2007,81.28
4/30/2007,85.33
4/27/2007,80.66
4/26/2007,81.67
4/25/2007,80.79
4/24/2007,77.83
4/23/2007,79.33
4/20/2007,79.18
4/19/2007,77.91
4/18/2007,80.59
4/17/2007,83.68
4/16/2007,83.98
4/13/2007,88.71
4/12/2007,91.38
4/11/2007,93.47
4/10/2007,87.37
4/9/2007,92.3
4/5/2007,93.6
4/4/2007,96.12
4/3/2007,94.98
4/2/2007,98.92
3/30/2007,99.78
3/29/2007,102.31
3/28/2007,104.79
3/27/2007,101
3/26/2007,95.95
3/23/2007,96.37
3/22/2007,95.52
3/21/2007,94.13
3/20/2007,89.55
3/19/2007,93.9
3/16/2007,102.74
3/15/2007,99.55
3/14/2007,98.08
3/13/2007,94.53
3/12/2007,90.02
3/9/2007,91.82
3/8/2007,93.97
3/7/2007,94.41
3/6/2007,93.65
3/5/2007,101.2
3/2/2007,104.17
3/1/2007,99.47
2/28/2007,91.64
2/27/2007,110.42
2/26/2007,70.33
2/23/2007,70.71
2/22/2007,66.05
2/21/2007,67.37
2/20/2007,65.87
2/16/2007,70.74
2/15/2007,70.34
2/14/2007,74
2/13/2007,75.72
2/12/2007,79.12
2/9/2007,74.39
2/8/2007,73.18
2/7/2007,70.32
2/6/2007,68.55
2/5/2007,70.29
2/2/2007,72.44
2/1/2007,73.5
1/31/2007,77.28
1/30/2007,78.9
1/29/2007,81.68
1/26/2007,81.36
1/25/2007,80.45
1/24/2007,77.51
1/23/2007,81.48
1/22/2007,84.43
1/19/2007,82.49
1/18/2007,83.66
1/17/2007,84.93
1/16/2007,85.3
1/12/2007,85.18
1/11/2007,85.97
1/10/2007,93.78
1/9/2007,92.76
1/8/2007,92.04
1/5/2007,90.17
1/4/2007,88.19
1/3/2007,87.63
12/29/2006,88.16
12/28/2006,88.72
12/27/2006,83.01
12/26/2006,85.28
12/22/2006,83.41
12/21/2006,83.94
12/20/2006,84.68
12/19/2006,78.91
12/18/2006,84.26
12/15/2006,84.63
12/14/2006,82.57
12/13/2006,79.06
12/12/2006,74.78
12/11/2006,72.84
12/8/2006,71.34
12/7/2006,68.65
12/6/2006,66.49
12/5/2006,65.87
12/4/2006,62.11
12/1/2006,62.33
11/30/2006,61.39
11/29/2006,60.3
11/28/2006,66.56
11/27/2006,71.6
11/24/2006,66.48
11/22/2006,63.62
11/21/2006,65.3
11/20/2006,65.98
11/17/2006,64.3
11/16/2006,62.48
11/15/2006,58.58
11/14/2006,60.77
11/13/2006,36.14
11/10/2006,61.06
11/9/2006,60.42
11/8/2006,62.08
11/7/2006,67.5
11/6/2006,70.46
11/3/2006,75.19
11/2/2006,77.08
11/1/2006,78.89
10/31/2006,76.4
10/30/2006,80.16
10/27/2006,82.71
10/26/2006,81.6
10/25/2006,85.9
10/24/2006,87.39
10/23/2006,84.73
10/20/2006,78.6
10/19/2006,77.71
10/18/2006,79.1
10/17/2006,66.99
10/16/2006,82.29
10/13/2006,86.61
10/12/2006,86.87
10/11/2006,88.4
10/10/2006,83.62
10/9/2006,84.76
10/6/2006,85.63
10/5/2006,87.5
10/4/2006,82.5
10/3/2006,86.57
10/2/2006,85.46
9/29/2006,84.31
9/28/2006,84.74
9/27/2006,81.08
9/26/2006,81.59
9/25/2006,82.01
9/22/2006,85.74
9/21/2006,85.95
9/20/2006,80.83
9/19/2006,81.77
9/18/2006,80.97
9/15/2006,59.52
9/14/2006,81.93
9/13/2006,81.55
9/12/2006,80.99
9/11/2006,85.78
9/8/2006,83.7
9/7/2006,86.18
9/6/2006,82.96
9/5/2006,80.18
9/1/2006,77.19
8/31/2006,79.84
8/30/2006,80.77
8/29/2006,81.8
8/28/2006,79.47
8/25/2006,81.94
8/24/2006,79.7
8/23/2006,81.15
8/22/2006,78.75
8/21/2006,80.68
8/16/2006,57.01
8/8/2006,88.09
8/7/2006,89.58
8/4/2006,90.68
8/3/2006,89.24
8/2/2006,91.34
8/1/2006,92.67
7/31/2006,92.79
7/28/2006,93.16
7/27/2006,95.29
7/26/2006,89.23
7/25/2006,94.97
7/24/2006,99.61
7/11/2006,91.99
7/10/2006,93.52
7/7/2006,91.46
7/6/2006,92.88
7/5/2006,91.98
7/3/2006,89.13
6/30/2006,92.1
6/29/2006,96.63
6/28/2006,96.44
6/27/2006,95.12
6/26/2006,90.71
6/23/2006,86.81
6/22/2006,91.85
6/21/2006,92.4
6/20/2006,94.76
6/19/2006,102.56
6/16/2006,106.93
6/15/2006,99.13
6/14/2006,102.11
6/13/2006,93.2
6/12/2006,83.52
6/9/2006,79.87
6/8/2006,78.12
6/7/2006,73.86
6/6/2006,78.66
6/5/2006,77.38
6/2/2006,70.27
6/1/2006,74.08
5/31/2006,77.44
5/30/2006,82.14
5/26/2006,72.5
5/25/2006,82.64
5/24/2006,88.63
5/23/2006,88.66
5/22/2006,91.76
5/1/2006,61.96
4/25/2006,61.33
4/24/2006,63.42
4/11/2006,69.55
3/21/2006,37.35
3/20/2006,37.93
3/17/2006,28.6
3/16/2006,27.94
3/15/2006,15.71
3/6/2006,71.73
